,0,1,2,3,4,5,6,7,8,9,10,11,12,13,14,15,16,17
0,17.0,31.0,295.0,174.0,256.0,158.0,4.0,1.0,0.0,27.0,30.0,343.0,216.0,349.0,183.0,3.0,1.0,1.0
1,27.0,30.0,343.0,216.0,349.0,183.0,3.0,1.0,1.0,17.0,31.0,295.0,174.0,256.0,158.0,4.0,1.0,0.0
2,32.0,27.0,436.0,313.0,398.0,370.0,0.0,0.0,0.0,12.0,28.0,345.0,272.0,269.0,97.0,3.0,1.0,1.0
3,12.0,28.0,345.0,272.0,269.0,97.0,3.0,1.0,1.0,32.0,27.0,436.0,313.0,398.0,370.0,0.0,0.0,0.0
4,31.0,17.0,256.0,158.0,295.0,174.0,2.0,0.0,0.0,20.0,21.0,429.0,395.0,232.0,160.0,3.0,1.0,1.0
5,20.0,21.0,429.0,395.0,232.0,160.0,3.0,1.0,1.0,31.0,17.0,256.0,158.0,295.0,174.0,2.0,0.0,0.0
6,3.0,10.0,254.0,208.0,213.0,166.0,1.0,1.0,0.0,16.0,24.0,344.0,249.0,357.0,259.0,0.0,1.0,1.0
7,16.0,24.0,344.0,249.0,357.0,259.0,0.0,1.0,1.0,3.0,10.0,254.0,208.0,213.0,166.0,1.0,1.0,0.0
8,30.0,24.0,435.0,310.0,376.0,173.0,2.0,0.0,0.0,27.0,27.0,477.0,361.0,387.0,275.0,2.0,0.5,1.0
9,27.0,27.0,477.0,361.0,387.0,275.0,2.0,0.5,1.0,30.0,24.0,435.0,310.0,376.0,173.0,2.0,0.0,0.0
10,28.0,12.0,269.0,97.0,345.0,272.0,0.0,0.0,0.0,10.0,3.0,213.0,166.0,254.0,208.0,0.0,0.0,1.0
11,10.0,3.0,213.0,166.0,254.0,208.0,0.0,0.0,1.0,28.0,12.0,269.0,97.0,345.0,272.0,0.0,0.0,0.0
12,26.0,40.0,428.0,347.0,491.0,378.0,2.0,1.0,0.0,28.0,30.0,414.0,234.0,510.0,362.0,1.0,1.0,1.0
13,28.0,30.0,414.0,234.0,510.0,362.0,1.0,1.0,1.0,26.0,40.0,428.0,347.0,491.0,378.0,2.0,1.0,0.0
14,33.0,3.0,465.0,366.0,308.0,276.0,0.0,0.0,0.0,10.0,59.0,200.0,179.0,643.0,378.0,3.0,1.0,1.0
15,10.0,59.0,200.0,179.0,643.0,378.0,3.0,1.0,1.0,33.0,3.0,465.0,366.0,308.0,276.0,0.0,0.0,0.0
16,17.0,16.0,370.0,242.0,223.0,155.0,4.0,0.0,0.0,17.0,35.0,470.0,319.0,494.0,405.0,2.0,1.0,1.0
17,17.0,35.0,470.0,319.0,494.0,405.0,2.0,1.0,1.0,17.0,16.0,370.0,242.0,223.0,155.0,4.0,0.0,0.0
18,24.0,30.0,376.0,173.0,435.0,310.0,0.0,1.0,0.0,43.0,13.0,339.0,216.0,346.0,244.0,0.0,0.0,1.0
19,43.0,13.0,339.0,216.0,346.0,244.0,0.0,0.0,1.0,24.0,30.0,376.0,173.0,435.0,310.0,0.0,1.0,0.0
20,21.0,20.0,232.0,160.0,429.0,395.0,1.0,0.0,0.0,3.0,33.0,308.0,276.0,465.0,366.0,1.0,1.0,1.0
21,3.0,33.0,308.0,276.0,465.0,366.0,1.0,1.0,1.0,21.0,20.0,232.0,160.0,429.0,395.0,1.0,0.0,0.0
22,40.0,26.0,491.0,378.0,428.0,347.0,0.0,0.0,0.0,24.0,16.0,357.0,259.0,344.0,249.0,0.0,0.0,1.0
23,24.0,16.0,357.0,259.0,344.0,249.0,0.0,0.0,1.0,40.0,26.0,491.0,378.0,428.0,347.0,0.0,0.0,0.0
24,30.0,28.0,510.0,362.0,414.0,234.0,1.0,0.0,0.0,30.0,27.0,349.0,183.0,343.0,216.0,1.0,0.0,1.0
25,30.0,27.0,349.0,183.0,343.0,216.0,1.0,0.0,1.0,30.0,28.0,510.0,362.0,414.0,234.0,1.0,0.0,0.0
26,27.0,27.0,387.0,275.0,477.0,361.0,1.0,0.5,0.0,59.0,10.0,643.0,378.0,200.0,179.0,1.0,0.0,1.0
27,59.0,10.0,643.0,378.0,200.0,179.0,1.0,0.0,1.0,27.0,27.0,387.0,275.0,477.0,361.0,1.0,0.5,0.0
28,35.0,17.0,494.0,405.0,470.0,319.0,0.0,0.0,0.0,27.0,32.0,398.0,370.0,436.0,313.0,0.0,1.0,1.0
29,27.0,32.0,398.0,370.0,436.0,313.0,0.0,1.0,1.0,35.0,17.0,494.0,405.0,470.0,319.0,0.0,0.0,0.0
30,13.0,43.0,346.0,244.0,339.0,216.0,3.0,1.0,0.0,16.0,17.0,223.0,155.0,370.0,242.0,1.0,1.0,1.0
31,16.0,17.0,223.0,155.0,370.0,242.0,1.0,1.0,1.0,13.0,43.0,346.0,244.0,339.0,216.0,3.0,1.0,0.0
32,30.0,16.0,291.0,167.5,317.0,182.5,0.0,0.5,0.0,19.0,26.5,354.5,262.5,377.0,257.5,1.5,0.75,1.0
33,19.0,26.5,354.5,262.5,377.0,257.5,1.5,0.75,1.0,30.0,16.0,291.0,167.5,317.0,182.5,0.0,0.5,0.0
34,18.5,31.0,372.5,343.0,401.5,236.0,2.0,1.0,0.0,22.5,15.0,379.0,239.5,296.5,198.0,2.0,0.0,1.0
35,22.5,15.0,379.0,239.5,296.5,198.0,2.0,0.0,1.0,18.5,31.0,372.5,343.0,401.5,236.0,2.0,1.0,0.0
36,28.5,18.0,364.5,224.0,293.5,201.5,1.0,0.25,0.0,18.0,23.0,360.5,274.5,300.5,192.5,2.0,0.25,1.0
37,18.0,23.0,360.5,274.5,300.5,192.5,2.0,0.25,1.0,28.5,18.0,364.5,224.0,293.5,201.5,1.0,0.25,0.0
38,18.0,24.0,356.0,291.0,277.5,167.0,3.0,0.5,0.0,21.5,23.5,332.0,147.0,339.0,269.5,1.0,0.5,1.0
39,21.5,23.5,332.0,147.0,339.0,269.5,1.0,0.5,1.0,18.0,24.0,356.0,291.0,277.5,167.0,3.0,0.5,0.0
40,20.5,25.0,347.5,264.5,319.0,186.0,2.0,0.75,0.0,22.0,25.0,368.0,302.0,458.5,309.5,0.5,0.875,1.0
41,22.0,25.0,368.0,302.0,458.5,309.5,0.5,0.875,1.0,20.5,25.0,347.5,264.5,319.0,186.0,2.0,0.75,0.0
42,5.0,51.0,192.0,160.5,511.0,316.5,3.5,1.0,0.0,33.0,19.0,484.0,333.0,362.5,263.5,0.5,0.0,1.0
43,33.0,19.0,484.0,333.0,362.5,263.5,0.5,0.0,1.0,5.0,51.0,192.0,160.5,511.0,316.5,3.5,1.0,0.0
44,15.0,20.0,358.0,265.5,315.0,189.5,0.5,0.5,0.0,15.5,9.5,274.0,178.5,337.5,215.5,1.0,0.5,1.0
45,15.5,9.5,274.0,178.5,337.5,215.5,1.0,0.5,1.0,15.0,20.0,358.0,265.5,315.0,189.5,0.5,0.5,0.0
46,41.0,13.5,541.5,318.0,274.5,254.0,0.0,0.125,0.0,34.0,18.0,479.0,407.0,367.5,262.5,0.5,0.25,1.0
47,34.0,18.0,479.0,407.0,367.5,262.5,0.5,0.25,1.0,41.0,13.5,541.5,318.0,274.5,254.0,0.0,0.125,0.0
48,17.0,22.0,332.0,218.5,405.5,342.5,1.0,0.5,0.0,22.0,16.5,345.0,160.0,340.0,231.5,2.0,0.75,1.0
49,22.0,16.5,345.0,160.0,340.0,231.5,2.0,0.75,1.0,17.0,22.0,332.0,218.5,405.5,342.5,1.0,0.5,0.0
50,9.5,20.0,242.5,162.0,372.5,273.5,1.0,0.75,0.0,38.0,1.5,422.0,310.5,246.0,209.0,0.5,0.0,1.0
51,38.0,1.5,422.0,310.5,246.0,209.0,0.5,0.0,1.0,9.5,20.0,242.5,162.0,372.5,273.5,1.0,0.75,0.0
52,20.0,18.5,408.0,303.0,405.5,281.0,2.0,0.375,0.0,26.0,25.5,361.0,275.0,382.5,340.0,1.5,0.25,1.0
53,26.0,25.5,361.0,275.0,382.5,340.0,1.5,0.25,1.0,20.0,18.5,408.0,303.0,405.5,281.0,2.0,0.375,0.0
54,20.5,21.0,338.5,185.5,395.5,270.0,0.5,0.25,0.0,20.0,18.5,429.5,298.5,357.5,209.0,2.0,0.625,1.0
55,20.0,18.5,429.5,298.5,357.5,209.0,2.0,0.625,1.0,20.5,21.0,338.5,185.5,395.5,270.0,0.5,0.25,0.0
56,19.5,27.5,377.0,274.5,397.0,249.5,1.0,0.75,0.0,24.5,23.0,328.5,217.0,345.0,287.5,1.5,0.0,1.0
57,24.5,23.0,328.5,217.0,345.0,287.5,1.5,0.0,1.0,19.5,27.5,377.0,274.5,397.0,249.5,1.0,0.75,0.0
58,14.5,30.5,284.5,228.0,445.0,320.0,1.0,1.0,0.0,36.0,17.0,413.5,235.0,305.5,232.5,1.5,0.25,1.0
59,36.0,17.0,413.5,235.0,305.5,232.5,1.5,0.25,1.0,14.5,30.5,284.5,228.0,445.0,320.0,1.0,1.0,0.0
60,15.5,31.5,420.0,280.0,441.0,321.0,2.0,1.0,0.0,18.5,22.5,292.0,181.5,304.0,235.5,2.0,0.5,1.0
61,18.5,22.5,292.0,181.5,304.0,235.5,2.0,0.5,1.0,15.5,31.5,420.0,280.0,441.0,321.0,2.0,1.0,0.0
62,27.25,19.75,352.75,208.25,304.75,234.0,1.75,0.5,0.0,24.0,31.5,326.5,289.0,455.0,287.0,0.0,0.75,1.0
63,24.0,31.5,326.5,289.0,455.0,287.0,0.0,0.75,1.0,27.25,19.75,352.75,208.25,304.75,234.0,1.75,0.5,0.0
64,25.33,26.0,365.0,265.33,350.67,293.67,1.67,0.389,0.0,19.33,11.66,286.67,197.33,328.33,197.33,0.67,0.444,1.0
65,19.33,11.66,286.67,197.33,328.33,197.33,0.67,0.444,1.0,25.33,26.0,365.0,265.33,350.67,293.67,1.67,0.389,0.0
66,22.33,17.33,307.33,194.67,308.67,189.67,0.33,0.444,0.0,20.0,25.0,369.67,295.33,311.33,211.33,2.33,0.556,1.0
67,20.0,25.0,369.67,295.33,311.33,211.33,2.33,0.556,1.0,22.33,17.33,307.33,194.67,308.67,189.67,0.33,0.444,0.0
68,35.33,5.6600018,408.33,311.33,199.0,162.33,1.0,0.0,0.0,22.0,15.67,391.33,240.0,299.67,212.0,2.0,0.111,1.0
69,22.0,15.67,391.33,240.0,299.67,212.0,2.0,0.111,1.0,35.33,5.6600018,408.33,311.33,199.0,162.33,1.0,0.0,0.0
70,26.0,15.67,358.33,164.67,327.33,225.67,1.33,0.556,0.0,16.67,13.0,275.0,178.67,313.67,245.0,0.67,0.333,1.0
71,16.67,13.0,275.0,178.67,313.67,245.0,0.67,0.333,1.0,26.0,15.67,358.33,164.67,327.33,225.67,1.33,0.556,0.0
72,16.0,26.0,322.0,217.0,398.67,286.33,1.0,0.556,0.0,23.33,23.66,347.67,198.0,358.33,281.0,0.67,0.333,1.0
73,23.33,23.66,347.67,198.0,358.33,281.0,0.67,0.333,1.0,16.0,26.0,322.0,217.0,398.67,286.33,1.0,0.556,0.0
74,25.33,26.33,390.33,280.0,318.33,250.67,1.33,0.222,0.0,21.33,29.33,328.0,243.67,443.33,286.33,1.0,0.611,1.0
75,21.33,29.33,328.0,243.67,443.33,286.33,1.0,0.611,1.0,25.33,26.33,390.33,280.0,318.33,250.67,1.33,0.222,0.0
76,19.33,20.0,333.67,243.0,364.67,254.67,1.0,0.667,0.0,15.33,22.33,342.0,230.67,314.0,204.67,1.33,0.667,1.0
77,15.33,22.33,342.0,230.67,314.0,204.67,1.33,0.667,1.0,19.33,20.0,333.67,243.0,364.67,254.67,1.0,0.667,0.0
78,33.67,21.339998,487.0,392.33,395.67,258.0,0.33,0.444,0.0,22.33,20.33,367.67,269.0,394.67,269.33,1.33,0.278,1.0
79,22.33,20.33,367.67,269.0,394.67,269.33,1.33,0.278,1.0,33.67,21.339998,487.0,392.33,395.67,258.0,0.33,0.444,0.0
80,26.33,23.33,369.33,256.33,295.33,166.33,1.67,0.5,0.0,22.67,20.67,351.0,236.0,385.67,277.67,0.67,0.444,1.0
81,22.67,20.67,351.0,236.0,385.67,277.67,0.67,0.444,1.0,26.33,23.33,369.33,256.33,295.33,166.33,1.67,0.5,0.0
82,20.0,21.33,408.33,296.67,363.67,251.67,1.67,0.722,0.0,5.33,44.33,222.33,177.33,499.33,291.33,2.67,0.889,1.0
83,5.33,44.33,222.33,177.33,499.33,291.33,2.67,0.889,1.0,20.0,21.33,408.33,296.67,363.67,251.67,1.67,0.722,0.0
84,32.33,14.660002,481.33,302.33,336.0,246.0,0.67,0.11,0.0,24.0,27.33,339.67,242.0,436.0,301.67,1.0,0.778,1.0
85,24.0,27.33,339.67,242.0,436.0,301.67,1.0,0.778,1.0,32.33,14.660002,481.33,302.33,336.0,246.0,0.67,0.11,0.0
86,21.0,31.33,336.33,288.33,402.67,260.67,1.67,0.667,0.0,21.0,31.33,408.0,290.67,460.33,332.33,2.0,0.778,1.0
87,21.0,31.33,408.0,290.67,460.33,332.33,2.0,0.778,1.0,21.0,31.33,336.33,288.33,402.67,260.67,1.67,0.667,0.0
88,22.67,25.67,361.0,239.33,330.67,261.0,1.67,0.556,0.0,25.67,16.34,357.67,234.0,285.67,192.67,1.67,0.444,1.0
89,25.67,16.34,357.67,234.0,285.67,192.67,1.67,0.444,1.0,22.67,25.67,361.0,239.33,330.67,261.0,1.67,0.556,0.0
90,16.33,22.0,330.33,241.33,315.0,213.0,1.67,0.444,0.0,36.67,19.999998,511.67,295.0,350.67,290.33,0.0,0.389,1.0
91,36.67,19.999998,511.67,295.0,350.67,290.33,0.0,0.389,1.0,16.33,22.0,330.33,241.33,315.0,213.0,1.67,0.444,0.0
92,18.0,27.67,350.33,308.67,406.33,237.67,2.67,0.889,0.0,16.33,28.33,269.33,205.33,442.0,302.67,1.33,0.889,1.0
93,16.33,28.33,269.33,205.33,442.0,302.67,1.33,0.889,1.0,18.0,27.67,350.33,308.67,406.33,237.67,2.67,0.889,0.0
94,29.25,26.0,397.75,298.0,330.25,238.5,2.25,0.563,0.0,25.75,22.25,377.75,266.25,319.0,239.5,1.0,0.281,1.0
95,25.75,22.25,377.75,266.25,319.0,239.5,1.0,0.281,1.0,29.25,26.0,397.75,298.0,330.25,238.5,2.25,0.563,0.0
96,21.0,21.0,364.0,228.75,366.25,266.75,0.75,0.5,0.0,23.75,20.0,351.25,243.0,287.5,156.75,2.0,0.469,1.0
97,23.75,20.0,351.25,243.0,287.5,156.75,2.0,0.469,1.0,21.0,21.0,364.0,228.75,366.25,266.75,0.75,0.5,0.0
98,18.5,28.75,326.25,234.25,417.5,271.0,1.0,0.594,0.0,14.25,27.5,306.5,257.0,386.25,243.25,2.5,0.6875,1.0
99,14.25,27.5,306.5,257.0,386.25,243.25,2.5,0.688,1.0,18.5,28.75,326.25,234.25,417.5,271.0,1.0,0.594,0.0
100,21.25,17.25,337.75,251.5,330.25,188.0,1.0,0.438,0.0,26.75,14.0,425.25,279.75,318.5,221.75,1.25,0.313,1.0
101,26.75,14.0,425.25,279.75,318.5,221.75,1.25,0.313,1.0,21.25,17.25,337.75,251.5,330.25,188.0,1.0,0.438,0.0
102,17.5,24.75,382.75,312.5,324.75,215.25,2.0,0.5,0.0,19.5,19.5,329.25,209.0,363.5,259.0,1.0,0.563,1.0
103,19.5,19.5,329.25,209.0,363.5,259.0,1.0,0.563,1.0,17.5,24.75,382.75,312.5,324.75,215.25,2.0,0.5,0.0
104,23.5,25.5,347.25,214.75,363.0,297.25,1.0,0.438,0.0,33.75,23.5,474.75,373.0,408.5,258.75,1.0,0.531,1.0
105,33.75,23.5,474.75,373.0,408.5,258.75,1.0,0.531,1.0,23.5,25.5,347.25,214.75,363.0,297.25,1.0,0.438,0.0
106,30.75,29.25,386.75,273.5,377.5,318.25,1.5,0.688,0.0,21.0,23.0,321.25,218.75,391.25,279.25,1.0,0.688,1.0
107,21.0,23.0,321.25,218.75,391.25,279.25,1.0,0.688,1.0,30.75,29.25,386.75,273.5,377.5,318.25,1.5,0.688,0.0
108,21.0,15.75,324.25,169.0,312.75,218.5,1.5,0.563,0.0,21.75,24.25,403.25,274.25,389.25,279.5,2.5,0.5,1.0
109,21.75,24.25,403.25,274.25,389.25,279.5,2.5,0.5,1.0,21.0,15.75,324.25,169.0,312.75,218.5,1.5,0.563,0.0
110,19.0,15.75,387.25,240.0,280.75,196.5,2.5,0.375,0.0,22.75,15.5,321.75,202.75,337.0,233.25,0.25,0.438,1.0
111,22.75,15.5,321.75,202.75,337.0,233.25,0.25,0.438,1.0,19.0,15.75,387.25,240.0,280.75,196.5,2.5,0.375,0.0
112,11.0,23.33,196.67,131.0,375.33,286.67,1.0,0.75,0.0,27.5,26.25,357.75,239.0,385.75,323.75,1.25,0.406,1.0
113,27.5,26.25,357.75,239.0,385.75,323.75,1.25,0.406,1.0,11.0,23.33,196.67,131.0,375.33,286.67,1.0,0.75,0.0
114,33.75,25.0,482.5,276.75,395.5,302.0,0.75,0.406,0.0,19.0,22.0,283.5,219.0,375.25,252.5,1.25,0.688,1.0
115,19.0,22.0,283.5,219.0,375.25,252.5,1.25,0.688,1.0,33.75,25.0,482.5,276.75,395.5,302.0,0.75,0.406,0.0
116,16.5,11.25,273.5,183.25,290.75,229.25,0.5,0.313,0.0,19.75,25.5,335.75,249.25,385.5,281.0,1.0,0.5,1.0
117,19.75,25.5,335.75,249.25,385.5,281.0,1.0,0.5,1.0,16.5,11.25,273.5,183.25,290.75,229.25,0.5,0.313,0.0
118,17.5,23.25,349.25,248.75,349.25,200.0,1.25,0.625,0.0,22.5,18.5,403.75,300.25,331.0,229.0,1.25,0.406,1.0
119,22.5,18.5,403.75,300.25,331.0,229.0,1.25,0.406,1.0,17.5,23.25,349.25,248.75,349.25,200.0,1.25,0.625,0.0
120,30.5,6.75,362.25,271.0,243.0,181.75,1.0,0.25,0.0,16.5,29.5,296.25,246.5,399.25,251.75,2.25,0.625,1.0
121,16.5,29.5,296.25,246.5,399.25,251.75,2.25,0.625,1.0,30.5,6.75,362.25,271.0,243.0,181.75,1.0,0.25,0.0
122,22.25,22.75,380.25,265.25,335.0,215.25,1.5,0.438,0.0,32.0,18.0,421.0,246.0,283.33,208.33,2.67,0.25,1.0
123,32.0,18.0,421.0,246.0,283.33,208.33,2.67,0.25,1.0,22.25,22.75,380.25,265.25,335.0,215.25,1.5,0.438,0.0
124,19.4,25.0,364.8,248.8,409.4,279.4,2.2,0.48,0.0,31.0,6.799999,378.2,279.2,239.0,161.0,1.0,0.2,1.0
125,31.0,6.799999,378.2,279.2,239.0,161.0,1.0,0.2,1.0,19.4,25.0,364.8,248.8,409.4,279.4,2.2,0.48,0.0
126,26.6,23.6,388.0,265.4,350.6,270.6,1.0,0.38,0.0,18.4,24.4,340.2,227.8,357.2,206.4,2.0,0.52,1.0
127,18.4,24.4,340.2,227.8,357.2,206.4,2.0,0.52,1.0,26.6,23.6,388.0,265.4,350.6,270.6,1.0,0.38,0.0
128,20.4,30.4,380.8,313.2,378.2,257.4,1.8,0.56,0.0,20.0,27.6,363.8,237.0,408.0,269.2,0.8,0.525,1.0
129,20.0,27.6,363.8,237.0,408.0,269.2,0.8,0.525,1.0,20.4,30.4,380.8,313.2,378.2,257.4,1.8,0.56,0.0
130,19.6,15.200001,307.8,192.2,332.2,227.4,0.2,0.48,0.0,18.0,21.2,349.4,230.8,328.6,202.2,1.4,0.56,1.0
131,18.0,21.2,349.4,230.8,328.6,202.2,1.4,0.56,1.0,19.6,15.200001,307.8,192.2,332.2,227.4,0.2,0.48,0.0
132,23.0,23.2,348.4,244.0,363.4,255.0,1.0,0.6,0.0,22.2,23.6,392.6,254.6,382.0,245.4,1.2,0.52,1.0
133,22.2,23.6,392.6,254.6,382.0,245.4,1.2,0.52,1.0,23.0,23.2,348.4,244.0,363.4,255.0,1.0,0.6,0.0
134,26.2,22.0,381.8,252.4,365.4,270.4,1.0,0.48,0.0,29.6,22.6,444.6,356.0,393.0,237.2,1.0,0.565,1.0
135,29.6,22.6,444.6,356.0,393.0,237.2,1.0,0.565,1.0,26.2,22.0,381.8,252.4,365.4,270.4,1.0,0.48,0.0
136,14.6,30.2,281.6,212.8,407.8,263.8,2.2,0.64,0.0,6.5,40.75,225.0,173.25,472.0,296.25,2.25,0.65,1.0
137,6.5,40.75,225.0,173.25,472.0,296.25,2.25,0.65,1.0,14.6,30.2,281.6,212.8,407.8,263.8,2.2,0.64,0.0
138,28.2,22.2,339.2,227.4,334.2,271.2,1.2,0.325,0.0,22.4,14.599999,357.4,191.0,292.4,204.2,1.4,0.52,1.0
139,22.4,14.599999,357.4,191.0,292.4,204.2,1.4,0.52,1.0,28.2,22.2,339.2,227.4,334.2,271.2,1.2,0.325,0.0
140,26.2,18.0,452.8,312.0,321.8,220.4,1.6,0.4,0.0,9.75,25.25,179.5,113.5,347.75,260.25,1.5,0.7,1.0
141,9.75,25.25,179.5,113.5,347.75,260.25,1.5,0.7,1.0,26.2,18.0,452.8,312.0,321.8,220.4,1.6,0.4,0.0
142,31.75,14.25,427.25,227.25,257.5,175.75,2.0,0.25,0.0,29.2,26.800001,413.6,317.4,350.0,243.2,2.2,0.6,1.0
143,29.2,26.800001,413.6,317.4,350.0,243.2,2.2,0.6,1.0,31.75,14.25,427.25,227.25,257.5,175.75,2.0,0.25,0.0
144,16.0,27.2,319.2,258.0,411.8,244.2,2.0,0.62,0.0,32.2,24.6,441.4,249.2,370.2,280.0,1.2,0.34,1.0
145,32.2,24.6,441.4,249.2,370.2,280.0,1.2,0.34,1.0,16.0,27.2,319.2,258.0,411.8,244.2,2.0,0.62,0.0
146,19.8,22.8,280.6,213.6,355.6,229.8,1.4,0.68,0.0,20.6,18.800001,372.2,282.4,334.8,215.0,1.6,0.405,1.0
147,20.6,18.800001,372.2,282.4,334.8,215.0,1.6,0.405,1.0,19.8,22.8,280.6,213.6,355.6,229.8,1.4,0.68,0.0
148,25.8,21.4,370.0,226.4,331.4,197.0,1.6,0.46,0.0,29.4,29.6,359.8,250.4,393.4,323.6,1.2,0.68,1.0
149,29.4,29.6,359.8,250.4,393.4,323.6,1.2,0.68,1.0,25.8,21.4,370.0,226.4,331.4,197.0,1.6,0.46,0.0
150,24.25,23.75,387.5,267.0,405.5,280.75,1.5,0.525,0.0,23.8,18.599998,337.2,244.2,376.8,238.6,0.8,0.52,1.0
151,23.8,18.599998,337.2,244.2,376.8,238.6,0.8,0.52,1.0,24.25,23.75,387.5,267.0,405.5,280.75,1.5,0.525,0.0
152,28.67,24.0,422.0,339.33,406.17,244.33,1.17,0.561,0.0,17.67,17.67,336.17,220.17,307.83,196.0,1.33,0.506,1.0
153,17.67,17.67,336.17,220.17,307.83,196.0,1.33,0.506,1.0,28.67,24.0,422.0,339.33,406.17,244.33,1.17,0.561,0.0
154,25.5,25.67,370.83,272.5,346.83,241.33,2.0,0.667,0.0,22.5,31.0,391.33,317.83,388.83,271.17,1.5,0.531,1.0
155,22.5,31.0,391.33,317.83,388.83,271.17,1.5,0.531,1.0,25.5,25.67,370.83,272.5,346.83,241.33,2.0,0.667,0.0
156,8.4,36.0,234.2,176.0,439.8,270.2,2.2,0.533,0.0,18.0,14.0,372.4,232.8,275.0,187.2,2.2,0.373,1.0
157,18.0,14.0,372.4,232.8,275.0,187.2,2.2,0.373,1.0,8.4,36.0,234.2,176.0,439.8,270.2,2.2,0.533,0.0
158,21.33,20.33,344.67,240.33,340.5,237.67,0.83,0.528,0.0,17.4,13.799999,266.0,185.4,312.2,229.2,0.8,0.52,1.0
159,17.4,13.799999,266.0,185.4,312.2,229.2,0.8,0.52,1.0,21.33,20.33,344.67,240.33,340.5,237.67,0.83,0.528,0.0
160,19.5,21.83,364.83,237.33,372.67,241.5,1.17,0.583,0.0,16.17,26.5,307.67,251.17,426.0,241.5,1.83,0.675,1.0
161,16.17,26.5,307.67,251.17,426.0,241.5,1.83,0.675,1.0,19.5,21.83,364.83,237.33,372.67,241.5,1.17,0.583,0.0
162,27.0,22.33,396.83,257.0,356.0,268.0,1.33,0.5,0.0,22.6,23.0,344.0,202.0,355.2,295.4,1.0,0.42,1.0
163,22.6,23.0,344.0,202.0,355.2,295.4,1.0,0.42,1.0,27.0,22.33,396.83,257.0,356.0,268.0,1.33,0.5,0.0
164,26.83,24.83,349.33,238.17,353.0,280.17,1.5,0.422,0.0,25.5,19.0,443.83,305.0,331.83,238.0,1.33,0.394,1.0
165,25.5,19.0,443.83,305.0,331.83,238.0,1.33,0.394,1.0,26.83,24.83,349.33,238.17,353.0,280.17,1.5,0.422,0.0
166,25.0,15.5,372.33,213.33,310.33,218.83,1.5,0.506,0.0,23.8,23.599998,369.8,262.2,413.8,280.0,1.2,0.55,1.0
167,23.8,23.599998,369.8,262.2,413.8,280.0,1.2,0.55,1.0,25.0,15.5,372.33,213.33,310.33,218.83,1.5,0.506,0.0
168,20.6,24.6,348.2,245.2,355.6,263.6,1.2,0.573,0.0,23.67,19.17,355.5,249.67,363.83,239.33,1.17,0.517,1.0
169,23.67,19.17,355.5,249.67,363.83,239.33,1.17,0.517,1.0,20.6,24.6,348.2,245.2,355.6,263.6,1.2,0.573,0.0
170,22.33,28.5,376.83,254.17,414.0,281.17,0.67,0.472,0.0,18.5,26.67,339.5,234.17,412.33,285.0,2.5,0.578,1.0
171,18.5,26.67,339.5,234.17,412.33,285.0,2.5,0.578,1.0,22.33,28.5,376.83,254.17,414.0,281.17,0.67,0.472,0.0
172,20.0,19.67,368.17,288.0,321.67,201.17,1.83,0.406,0.0,16.33,15.33,290.5,187.67,321.83,217.33,0.0,0.428,1.0
173,16.33,15.33,290.5,187.67,321.83,217.33,0.0,0.428,1.0,20.0,19.67,368.17,288.0,321.67,201.17,1.83,0.406,0.0
174,30.67,23.34,450.67,245.67,350.17,269.5,1.17,0.292,0.0,27.5,24.33,399.0,268.5,359.83,267.0,1.0,0.403,1.0
175,27.5,24.33,399.0,268.5,359.83,267.0,1.0,0.403,1.0,30.67,23.34,450.67,245.67,350.17,269.5,1.17,0.292,0.0
176,29.4,12.799999,408.0,228.2,237.4,150.2,2.0,0.3,0.0,15.0,27.83,286.5,205.0,385.0,251.0,1.83,0.489,1.0
177,15.0,27.83,286.5,205.0,385.0,251.0,1.83,0.489,1.0,29.4,12.799999,408.0,228.2,237.4,150.2,2.0,0.3,0.0
178,31.67,8.0,386.33,284.83,234.67,161.0,1.17,0.306,0.0,12.6,24.6,220.0,156.0,358.0,262.2,1.4,0.627,1.0
179,12.6,24.6,220.0,156.0,358.0,262.2,1.4,0.627,1.0,31.67,8.0,386.33,284.83,234.67,161.0,1.17,0.306,0.0
180,12.86,25.15,267.57,182.86,370.43,236.0,1.71,0.541,0.0,27.43,17.57,391.14,231.14,327.86,237.86,1.29,0.447,1.0
181,27.43,17.57,391.14,231.14,327.86,237.86,1.29,0.447,1.0,12.86,25.15,267.57,182.86,370.43,236.0,1.71,0.541,0.0
182,25.86,25.150002,391.57,264.57,357.0,249.0,1.14,0.473,0.0,20.71,31.849998,367.43,299.0,387.71,274.0,1.71,0.554,1.0
183,20.71,31.849998,367.43,299.0,387.71,274.0,1.71,0.554,1.0,25.86,25.150002,391.57,264.57,357.0,249.0,1.14,0.473,0.0
184,24.43,26.57,339.86,228.14,360.0,270.57,1.86,0.43,0.0,20.17,15.17,361.17,225.33,292.67,201.33,1.83,0.313,1.0
185,20.17,15.17,361.17,225.33,292.67,201.33,1.83,0.313,1.0,24.43,26.57,339.86,228.14,360.0,270.57,1.86,0.43,0.0
186,20.0,20.14,367.71,293.43,333.29,216.14,1.71,0.386,0.0,18.67,17.5,263.67,193.67,330.83,236.5,1.0,0.56,1.0
187,18.67,17.5,263.67,193.67,330.83,236.5,1.0,0.56,1.0,20.0,20.14,367.71,293.43,333.29,216.14,1.71,0.386,0.0
188,16.0,19.43,317.43,207.86,302.57,195.29,1.29,0.531,0.0,23.83,23.0,350.5,221.83,361.17,294.67,1.0,0.44,1.0
189,23.83,23.0,350.5,221.83,361.17,294.67,1.0,0.44,1.0,16.0,19.43,317.43,207.86,302.57,195.29,1.29,0.531,0.0
190,18.86,26.720001,328.57,223.0,388.43,257.0,2.57,0.585,0.0,24.83,26.66,380.33,277.17,428.83,289.67,1.17,0.583,1.0
191,24.83,26.66,380.33,277.17,428.83,289.67,1.17,0.583,1.0,18.86,26.720001,328.57,223.0,388.43,257.0,2.57,0.585,0.0
192,21.17,27.5,370.83,259.17,376.5,289.83,1.33,0.623,0.0,26.43,23.43,396.0,261.86,359.86,275.57,1.43,0.537,1.0
193,26.43,23.43,396.0,261.86,359.86,275.57,1.43,0.537,1.0,21.17,27.5,370.83,259.17,376.5,289.83,1.33,0.623,0.0
194,10.5,26.0,209.0,142.17,352.17,260.0,2.17,0.694,0.0,20.57,21.14,378.43,238.29,361.0,243.86,1.0,0.503,1.0
195,20.57,21.14,378.43,238.29,361.0,243.86,1.0,0.503,1.0,10.5,26.0,209.0,142.17,352.17,260.0,2.17,0.694,0.0
196,26.29,19.86,373.43,274.14,381.0,252.14,1.0,0.488,0.0,28.86,21.43,400.43,318.14,377.43,228.57,1.0,0.512,1.0
197,28.86,21.43,400.43,318.14,377.43,228.57,1.0,0.512,1.0,26.29,19.86,373.43,274.14,381.0,252.14,1.0,0.488,0.0
198,23.0,27.43,358.0,230.57,392.43,263.29,0.57,0.42,0.0,23.43,21.0,356.0,245.0,327.86,237.29,0.71,0.527,1.0
199,23.43,21.0,356.0,245.0,327.86,237.29,0.71,0.527,1.0,23.0,27.43,358.0,230.57,392.43,263.29,0.57,0.42,0.0
200,20.0,25.67,351.17,231.33,373.33,219.33,2.33,0.599,0.0,31.86,6.8600006,377.29,279.71,223.14,148.43,1.14,0.276,1.0
201,31.86,6.8600006,377.29,279.71,223.14,148.43,1.14,0.276,1.0,20.0,25.67,351.17,231.33,373.33,219.33,2.33,0.599,0.0
202,28.83,30.83,367.67,269.5,372.5,304.5,2.17,0.675,0.0,17.29,16.0,306.57,204.57,328.0,232.86,0.71,0.425,1.0
203,17.29,16.0,306.57,204.57,328.0,232.86,0.71,0.425,1.0,28.83,30.83,367.67,269.5,372.5,304.5,2.17,0.675,0.0
204,16.29,26.580002,305.29,252.14,430.86,241.86,2.14,0.646,0.0,27.14,23.43,372.29,275.14,329.29,233.43,1.71,0.578,1.0
205,27.14,23.43,372.29,275.14,329.29,233.43,1.71,0.578,1.0,16.29,26.580002,305.29,252.14,430.86,241.86,2.14,0.646,0.0
206,27.67,22.17,353.0,223.5,344.0,225.0,1.5,0.456,0.0,26.0,10.67,387.17,214.5,223.5,133.5,1.83,0.286,1.0
207,26.0,10.67,387.17,214.5,223.5,133.5,1.83,0.286,1.0,27.67,22.17,353.0,223.5,344.0,225.0,1.5,0.456,0.0
208,10.5,35.17,258.67,192.0,417.33,256.5,2.17,0.591,0.0,20.5,21.83,276.5,200.0,354.33,244.17,1.33,0.62,1.0
209,20.5,21.83,276.5,200.0,354.33,244.17,1.33,0.62,1.0,10.5,35.17,258.67,192.0,417.33,256.5,2.17,0.591,0.0
210,29.57,11.0,387.29,206.14,224.43,128.71,1.71,0.332,0.0,21.25,27.880001,592.88,226.38,407.13,277.0,0.5,0.473,1.0
211,21.25,27.880001,592.88,226.38,407.13,277.0,0.5,0.473,1.0,29.57,11.0,387.29,206.14,224.43,128.71,1.71,0.332,0.0
212,12.38,24.380001,261.13,176.38,378.38,240.63,1.75,0.563,0.0,19.14,17.43,345.71,215.29,303.86,194.43,1.71,0.342,1.0
213,19.14,17.43,345.71,215.29,303.86,194.43,1.71,0.342,1.0,12.38,24.380001,261.13,176.38,378.38,240.63,1.75,0.563,0.0
214,18.5,16.87,299.0,200.75,335.63,239.13,0.75,0.406,0.0,25.57,26.279999,335.43,205.86,350.29,215.14,1.71,0.537,1.0
215,25.57,26.279999,335.43,205.86,350.29,215.14,1.71,0.537,1.0,18.5,16.87,299.0,200.75,335.63,239.13,0.75,0.406,0.0
216,19.0,25.86,345.29,219.86,365.43,222.14,2.43,0.676,0.0,15.63,18.880001,312.63,202.63,304.5,194.75,1.13,0.556,1.0
217,15.63,18.880001,312.63,202.63,304.5,194.75,1.13,0.556,1.0,19.0,25.86,345.29,219.86,365.43,222.14,2.43,0.676,0.0
218,26.5,23.5,395.0,261.375,362.125,276.75,1.25,0.527,0.0,21.63,20.38,379.75,243.25,342.5,234.25,1.0,0.449,1.0
219,21.63,20.38,379.75,243.25,342.5,234.25,1.0,0.449,1.0,26.5,23.5,395.0,261.375,362.125,276.75,1.25,0.527,0.0
220,26.38,16.5,396.5,236.38,313.88,224.5,1.25,0.404,0.0,28.25,22.619999,392.5,309.5,377.0,232.0,1.0,0.576,1.0
221,28.25,22.619999,392.5,309.5,377.0,232.0,1.0,0.576,1.0,26.38,16.5,396.5,236.38,313.88,224.5,1.25,0.404,0.0
222,11.14,26.43,209.57,145.71,357.43,262.57,2.29,0.653,0.0,11.0,34.0,254.57,188.86,414.0,253.57,2.43,0.561,1.0
223,11.0,34.0,254.57,188.86,414.0,253.57,2.43,0.561,1.0,11.14,26.43,209.57,145.71,357.43,262.57,2.29,0.653,0.0
224,18.29,17.43,281.43,198.29,316.57,230.57,1.14,0.526,0.0,25.25,24.87,343.75,218.75,346.63,256.13,1.75,0.475,1.0
225,25.25,24.87,343.75,218.75,346.63,256.13,1.75,0.475,1.0,18.29,17.43,281.43,198.29,316.57,230.57,1.14,0.526,0.0
226,22.57,21.57,345.86,217.43,349.43,276.29,1.0,0.418,0.0,21.43,20.720001,293.29,205.14,336.57,233.57,1.29,0.548,1.0
227,21.43,20.720001,293.29,205.14,336.57,233.57,1.29,0.548,1.0,22.57,21.57,345.86,217.43,349.43,276.29,1.0,0.418,0.0
228,25.71,26.57,379.57,282.71,420.43,289.71,1.29,0.545,0.0,21.57,27.43,371.86,262.86,378.14,285.29,1.14,0.61,1.0
229,21.57,27.43,371.86,262.86,378.14,285.29,1.14,0.61,1.0,25.71,26.57,379.57,282.71,420.43,289.71,1.29,0.545,0.0
230,31.25,7.620001,369.88,274.63,234.0,148.75,1.0,0.261,0.0,30.57,22.279999,434.86,230.71,349.71,265.43,1.0,0.361,1.0
231,30.57,22.279999,434.86,230.71,349.71,265.43,1.0,0.361,1.0,31.25,7.620001,369.88,274.63,234.0,148.75,1.0,0.261,0.0
232,26.88,20.38,373.5,271.88,375.5,251.75,0.88,0.507,0.0,19.63,19.63,350.63,281.13,340.13,217.38,1.63,0.431,1.0
233,19.63,19.63,350.63,281.13,340.13,217.38,1.63,0.431,1.0,26.88,20.38,373.5,271.88,375.5,251.75,0.88,0.507,0.0
234,28.0,30.29,370.71,271.43,354.43,285.86,2.43,0.628,0.0,26.0,24.5,382.88,252.88,376.13,273.0,1.0,0.436,1.0
235,26.0,24.5,382.88,252.88,376.13,273.0,1.0,0.436,1.0,28.0,30.29,370.71,271.43,354.43,285.86,2.43,0.628,0.0
236,27.14,17.71,437.86,291.86,324.86,228.0,1.29,0.395,0.0,19.75,27.25,333.75,231.38,386.75,264.38,2.38,0.548,1.0
237,19.75,27.25,333.75,231.38,386.75,264.38,2.38,0.548,1.0,27.14,17.71,437.86,291.86,324.86,228.0,1.29,0.395,0.0
238,20.33,18.66,360.78,281.33,322.78,208.67,1.44,0.476,0.0,22.75,27.0,381.63,264.88,390.0,297.5,1.0,0.569,1.0
239,22.75,27.0,381.63,264.88,390.0,297.5,1.0,0.569,1.0,20.33,18.66,360.78,281.33,322.78,208.67,1.44,0.476,0.0
240,25.5,27.13,391.25,295.25,424.13,288.38,1.38,0.528,0.0,17.75,18.0,266.75,186.25,323.63,230.13,1.13,0.533,1.0
241,17.75,18.0,266.75,186.25,323.63,230.13,1.13,0.533,1.0,25.5,27.13,391.25,295.25,424.13,288.38,1.38,0.528,0.0
242,31.38,22.0,427.0,222.13,348.75,265.75,1.13,0.45,0.0,15.5,26.25,317.25,257.75,435.75,258.13,1.88,0.655,1.0
243,15.5,26.25,317.25,257.75,435.75,258.13,1.88,0.655,1.0,31.38,22.0,427.0,222.13,348.75,265.75,1.13,0.45,0.0
244,19.75,16.369999,336.0,206.63,296.25,184.63,1.5,0.309,0.0,19.0,25.630001,346.0,225.0,357.5,216.25,2.13,0.618,1.0
245,19.0,25.630001,346.0,225.0,357.5,216.25,2.13,0.618,1.0,19.75,16.369999,336.0,206.63,296.25,184.63,1.5,0.309,0.0
246,12.88,32.01,262.25,198.5,402.38,251.63,2.13,0.524,0.0,22.75,22.12,343.63,213.88,339.88,264.63,1.25,0.46,1.0
247,22.75,22.12,343.63,213.88,339.88,264.63,1.25,0.46,1.0,12.88,32.01,262.25,198.5,402.38,251.63,2.13,0.524,0.0
248,26.0,17.560001,386.67,233.67,320.89,225.11,1.11,0.419,0.0,28.38,17.75,436.75,287.5,318.13,220.88,1.38,0.377,1.0
249,28.38,17.75,436.75,287.5,318.13,220.88,1.38,0.377,1.0,26.0,17.560001,386.67,233.67,320.89,225.11,1.11,0.419,0.0
250,26.13,25.5,339.75,206.88,360.38,227.0,1.63,0.509,0.0,25.11,21.0,352.44,257.11,382.89,255.22,0.78,0.512,1.0
251,25.11,21.0,352.44,257.11,382.89,255.22,0.78,0.512,1.0,26.13,25.5,339.75,206.88,360.38,227.0,1.63,0.509,0.0
252,20.625,31.25,385.25,316.75,379.5,261.125,1.875,0.594,0.0,24.38,19.5,375.25,261.0,316.5,232.25,0.75,0.519,1.0
253,24.38,19.5,375.25,261.0,316.5,232.25,0.75,0.519,1.0,20.625,31.25,385.25,316.75,379.5,261.125,1.875,0.594,0.0
254,19.56,28.34,326.78,224.67,391.44,263.56,2.44,0.527,0.0,12.0,26.380001,223.5,157.25,352.25,263.0,2.13,0.566,1.0
255,12.0,26.380001,223.5,157.25,352.25,263.0,2.13,0.566,1.0,19.56,28.34,326.78,224.67,391.44,263.56,2.44,0.527,0.0
256,28.0,22.67,390.78,300.67,369.33,229.78,1.0,0.578,0.0,18.67,18.34,313.67,212.89,339.44,236.33,1.0,0.427,1.0
257,18.67,18.34,313.67,212.89,339.44,236.33,1.0,0.427,1.0,28.0,22.67,390.78,300.67,369.33,229.78,1.0,0.578,0.0
258,26.75,21.75,384.5,287.25,338.25,241.38,1.5,0.488,0.0,22.0,21.12,290.75,202.38,335.5,228.0,1.38,0.576,1.0
259,22.0,21.12,290.75,202.38,335.5,228.0,1.38,0.576,1.0,26.75,21.75,384.5,287.25,338.25,241.38,1.5,0.488,0.0
260,21.67,27.89,344.44,223.89,407.56,280.67,0.44,0.535,0.0,28.75,31.5,376.63,277.38,371.63,293.5,2.25,0.649,1.0
261,28.75,31.5,376.63,277.38,371.63,293.5,2.25,0.649,1.0,21.67,27.89,344.44,223.89,407.56,280.67,0.44,0.535,0.0
262,27.56,25.56,395.0,263.33,380.78,278.11,1.0,0.418,0.0,29.38,12.75,390.25,219.13,241.0,138.13,1.5,0.344,1.0
263,29.38,12.75,390.25,219.13,241.0,138.13,1.5,0.344,1.0,27.56,25.56,395.0,263.33,380.78,278.11,1.0,0.418,0.0
264,21.44,20.11,288.78,205.56,332.22,226.89,1.44,0.565,0.0,19.0,24.56,348.44,224.56,356.0,221.11,1.89,0.63,1.0
265,19.0,24.56,348.44,224.56,356.0,221.11,1.89,0.63,1.0,21.44,20.11,288.78,205.56,332.22,226.89,1.44,0.565,0.0
266,21.22,28.779999,377.67,300.89,371.78,260.78,1.78,0.607,0.0,25.0,25.33,346.56,215.11,363.44,226.78,1.67,0.541,1.0
267,25.0,25.33,346.56,215.11,363.44,226.78,1.67,0.541,1.0,21.22,28.779999,377.67,300.89,371.78,260.78,1.78,0.607,0.0
268,19.56,21.0,377.11,247.56,350.0,229.78,1.33,0.489,0.0,21.56,21.449999,338.78,211.33,327.56,252.89,1.44,0.451,1.0
269,21.56,21.449999,338.78,211.33,327.56,252.89,1.44,0.451,1.0,19.56,21.0,377.11,247.56,350.0,229.78,1.33,0.489,0.0
270,27.89,18.89,437.44,299.22,323.22,219.78,1.33,0.421,0.0,24.11,26.33,387.44,291.22,402.11,272.44,1.33,0.512,1.0
271,24.11,26.33,387.44,291.22,402.11,272.44,1.33,0.512,1.0,27.89,18.89,437.44,299.22,323.22,219.78,1.33,0.421,0.0
272,19.33,16.66,336.89,212.56,304.22,188.67,1.33,0.337,0.0,13.22,29.779999,258.56,194.11,391.0,244.89,2.11,0.526,1.0
273,13.22,29.779999,258.56,194.11,391.0,244.89,2.11,0.526,1.0,19.33,16.66,336.89,212.56,304.22,188.67,1.33,0.337,0.0
274,16.56,18.89,311.44,199.56,309.67,202.11,1.11,0.515,0.0,26.2,18.2,384.4,231.4,333.1,241.9,1.0,0.443,1.0
275,26.2,18.2,384.4,231.4,333.1,241.9,1.0,0.443,1.0,16.56,18.89,311.44,199.56,309.67,202.11,1.11,0.515,0.0
276,30.0,10.889999,366.78,273.89,249.33,150.22,1.11,0.368,0.0,24.89,23.67,347.0,219.67,326.33,239.0,1.56,0.457,1.0
277,24.89,23.67,347.0,219.67,326.33,239.0,1.56,0.457,1.0,30.0,10.889999,366.78,273.89,249.33,150.22,1.11,0.368,0.0
278,15.22,28.78,316.11,245.78,429.44,256.44,2.0,0.646,0.0,23.11,26.67,370.11,257.67,381.67,283.22,0.89,0.543,1.0
279,23.11,26.67,370.11,257.67,381.67,283.22,0.89,0.543,1.0,15.22,28.78,316.11,245.78,429.44,256.44,2.0,0.646,0.0
280,18.0,17.44,262.22,181.67,327.33,233.33,1.0,0.514,0.0,25.11,21.220001,375.78,279.56,331.0,240.22,1.78,0.496,1.0
281,25.11,21.220001,375.78,279.56,331.0,240.22,1.78,0.496,1.0,18.0,17.44,262.22,181.67,327.33,233.33,1.0,0.514,0.0
282,26.44,21.220001,396.67,253.89,361.44,277.33,1.22,0.506,0.0,33.33,21.000002,421.67,224.44,344.11,252.89,1.11,0.417,1.0
283,33.33,21.000002,421.67,224.44,344.11,252.89,1.11,0.417,1.0,26.44,21.220001,396.67,253.89,361.44,277.33,1.22,0.506,0.0
284,22.2,28.1,351.7,235.7,412.5,286.5,0.6,0.494,0.0,28.78,14.340001,380.44,218.67,251.56,143.78,1.67,0.399,1.0
285,28.78,14.340001,380.44,218.67,251.56,143.78,1.67,0.399,1.0,22.2,28.1,351.7,235.7,412.5,286.5,0.6,0.494,0.0
286,22.67,20.23,368.0,260.67,316.56,225.78,0.67,0.486,0.0,28.89,31.0,385.56,284.22,376.67,298.89,2.33,0.576,1.0
287,28.89,31.0,385.56,284.22,376.67,298.89,2.33,0.576,1.0,22.67,20.23,368.0,260.67,316.56,225.78,0.67,0.486,0.0
288,14.44,26.439999,231.33,164.0,344.33,262.44,1.89,0.528,0.0,12.0,24.33,259.11,169.67,366.11,230.11,1.56,0.569,1.0
289,12.0,24.33,259.11,169.67,366.11,230.11,1.56,0.569,1.0,14.44,26.439999,231.33,164.0,344.33,262.44,1.89,0.528,0.0
290,28.4,23.9,404.7,313.9,369.5,221.4,1.0,0.572,0.0,20.7,19.400002,356.2,270.1,318.3,207.8,1.6,0.502,1.0
291,20.7,19.400002,356.2,270.1,318.3,207.8,1.6,0.502,1.0,28.4,23.9,404.7,313.9,369.5,221.4,1.0,0.572,0.0
292,22.7,20.6,343.8,202.7,325.6,255.5,1.5,0.44,0.0,24.5,23.2,380.2,239.5,374.4,273.1,1.3,0.54,1.0
293,24.5,23.2,380.2,239.5,374.4,273.1,1.3,0.54,1.0,22.7,20.6,343.8,202.7,325.6,255.5,1.5,0.44,0.0
294,27.7,31.300001,380.4,285.6,371.8,290.9,2.5,0.592,0.0,22.0,26.2,374.8,300.3,369.3,261.7,1.6,0.595,1.0
295,22.0,26.2,374.8,300.3,369.3,261.7,1.6,0.595,1.0,27.7,31.300001,380.4,285.6,371.8,290.9,2.5,0.592,0.0
296,17.2,19.7,319.7,206.6,310.8,210.3,1.1,0.543,0.0,21.1,17.0,345.6,216.9,304.1,197.8,1.2,0.33,1.0
297,21.1,17.0,345.6,216.9,304.1,197.8,1.2,0.33,1.0,17.2,19.7,319.7,206.6,310.8,210.3,1.1,0.543,0.0
298,20.3,28.9,322.2,228.0,381.7,259.0,2.4,0.49,0.0,16.9,17.4,262.7,182.8,322.9,227.3,1.0,0.514,1.0
299,16.9,17.4,262.7,182.8,322.9,227.3,1.0,0.514,1.0,20.3,28.9,322.2,228.0,381.7,259.0,2.4,0.49,0.0
300,20.0,20.2,283.5,202.8,328.3,223.1,1.7,0.556,0.0,14.7,27.599998,309.1,228.5,425.1,258.1,2.0,0.642,1.0
301,14.7,27.599998,309.1,228.5,425.1,258.1,2.0,0.642,1.0,20.0,20.2,283.5,202.8,328.3,223.1,1.7,0.556,0.0
302,13.9,30.5,263.0,202.7,394.3,246.0,2.0,0.556,0.0,19.2,22.800001,342.9,221.0,344.0,216.8,1.7,0.63,1.0
303,19.2,22.800001,342.9,221.0,344.0,216.8,1.7,0.63,1.0,13.9,30.5,263.0,202.7,394.3,246.0,2.0,0.556,0.0
304,22.8,25.699999,346.6,220.6,362.0,233.6,1.9,0.502,0.0,23.8,19.9,364.0,256.5,318.3,233.0,0.6,0.462,1.0
305,23.8,19.9,364.0,256.5,318.3,233.0,0.6,0.462,1.0,22.8,25.699999,346.6,220.6,362.0,233.6,1.9,0.502,0.0
306,28.6,19.7,444.6,312.7,322.1,216.9,1.3,0.418,0.0,28.7,10.800001,359.9,268.9,249.9,152.6,1.0,0.4,1.0
307,28.7,10.800001,359.9,268.9,249.9,152.6,1.0,0.4,1.0,28.6,19.7,444.6,312.7,322.1,216.9,1.3,0.418,0.0
308,22.5,25.0,371.7,259.2,368.1,262.2,1.0,0.478,0.0,16.4,25.5,248.2,176.1,332.4,253.3,1.9,0.49,1.0
309,16.4,25.5,248.2,176.1,332.4,253.3,1.9,0.49,1.0,22.5,25.0,371.7,259.2,368.1,262.2,1.0,0.478,0.0
310,18.9,22.199999,370.2,250.7,353.9,219.3,1.3,0.48,0.0,20.3,19.699999,319.4,206.2,358.5,256.0,1.0,0.45,1.0
311,20.3,19.699999,319.4,206.2,358.5,256.0,1.0,0.45,1.0,18.9,22.199999,370.2,250.7,353.9,219.3,1.3,0.48,0.0
312,27.5,25.4,389.1,255.9,372.9,271.8,1.3,0.492,0.0,23.4,23.0,337.8,215.1,323.5,237.5,1.5,0.518,1.0
313,23.4,23.0,337.8,215.1,323.5,237.5,1.5,0.518,1.0,27.5,25.4,389.1,255.9,372.9,271.8,1.3,0.492,0.0
314,25.0,20.5,356.0,253.9,384.7,257.8,0.7,0.498,0.0,29.5,15.5,386.6,237.6,253.0,142.5,1.7,0.384,1.0
315,29.5,15.5,386.6,237.6,253.0,142.5,1.7,0.384,1.0,25.0,20.5,356.0,253.9,384.7,257.8,0.7,0.498,0.0
316,24.4,27.199999,379.9,281.2,412.8,288.6,1.2,0.515,0.0,12.5,25.3,255.7,169.8,369.5,235.6,1.5,0.543,1.0
317,12.5,25.3,255.7,169.8,369.5,235.6,1.5,0.543,1.0,24.4,27.199999,379.9,281.2,412.8,288.6,1.2,0.515,0.0
318,34.1,19.599998,428.6,225.5,332.9,238.6,1.0,0.435,0.0,24.3,19.8,366.5,268.9,324.6,235.5,1.8,0.49,1.0
319,24.3,19.8,366.5,268.9,324.6,235.5,1.8,0.49,1.0,34.1,19.599998,428.6,225.5,332.9,238.6,1.0,0.435,0.0
320,24.73,20.91,368.91,260.45,321.27,232.73,0.64,0.467,0.0,22.0,27.0,371.36,298.45,376.27,266.36,1.64,0.566,1.0
321,22.0,27.0,371.36,298.45,376.27,266.36,1.64,0.566,1.0,24.73,20.91,368.91,260.45,321.27,232.73,0.64,0.467,0.0
322,21.0,15.73,352.73,213.55,288.64,184.27,1.18,0.339,0.0,26.82,19.09,433.36,303.55,318.45,213.64,1.27,0.459,1.0
323,26.82,19.09,433.36,303.55,318.45,213.64,1.27,0.459,1.0,21.0,15.73,352.73,213.55,288.64,184.27,1.18,0.339,0.0
324,17.09,17.09,269.27,190.73,315.64,218.82,1.09,0.467,0.0,23.64,26.46,378.45,272.82,396.18,275.45,1.45,0.467,1.0
325,23.64,26.46,378.45,272.82,396.18,275.45,1.45,0.467,1.0,17.09,17.09,269.27,190.73,315.64,218.82,1.09,0.467,0.0
326,13.09,24.45,253.36,167.45,369.0,231.36,1.55,0.525,0.0,23.55,26.46,347.0,221.45,367.09,239.64,1.82,0.533,1.0
327,23.55,26.46,347.0,221.45,367.09,239.64,1.82,0.533,1.0,13.09,24.45,253.36,167.45,369.0,231.36,1.55,0.525,0.0
328,18.0,23.45,262.09,188.55,321.09,243.0,1.82,0.496,0.0,14.27,26.54,303.18,222.09,417.18,250.91,2.0,0.632,1.0
329,14.27,26.54,303.18,222.09,417.18,250.91,2.0,0.632,1.0,18.0,23.45,262.09,188.55,321.09,243.0,1.82,0.496,0.0
330,22.27,19.720001,333.18,210.36,359.45,255.64,1.09,0.438,0.0,22.18,20.54,339.45,195.27,332.0,259.27,1.36,0.455,1.0
331,22.18,20.54,339.45,195.27,332.0,259.27,1.36,0.455,1.0,22.27,19.720001,333.18,210.36,359.45,255.64,1.09,0.438,0.0
332,22.64,22.09,353.27,262.55,338.73,231.82,1.82,0.537,0.0,22.55,28.82,343.91,226.18,415.18,297.55,0.73,0.533,1.0
333,22.55,28.82,343.91,226.18,415.18,297.55,0.73,0.533,1.0,22.64,22.09,353.27,262.55,338.73,231.82,1.82,0.537,0.0
334,20.36,19.810001,363.64,276.91,317.55,205.27,1.82,0.492,0.0,15.91,19.73,302.82,192.27,321.09,207.55,1.09,0.554,1.0
335,15.91,19.73,302.82,192.27,321.09,207.55,1.09,0.554,1.0,20.36,19.810001,363.64,276.91,317.55,205.27,1.82,0.492,0.0
336,27.27,10.630001,352.82,260.91,256.36,158.0,0.91,0.438,0.0,,,,,,,,0.521,1.0
337,24.09,22.64,381.64,244.73,367.27,259.27,1.27,0.521,1.0,27.27,10.630001,352.82,260.91,256.36,158.0,0.91,0.438,0.0
338,28.36,30.45,386.36,288.09,368.64,289.91,2.45,0.558,0.0,19.0,24.0,370.09,250.82,364.55,222.27,1.27,0.484,1.0
339,19.0,24.0,370.09,250.82,364.55,222.27,1.27,0.484,1.0,28.36,30.45,386.36,288.09,368.64,289.91,2.45,0.558,0.0
340,20.73,25.82,356.82,248.36,371.09,266.82,1.09,0.459,0.0,28.0,23.27,396.09,301.73,375.73,232.64,1.0,0.533,1.0
341,28.0,23.27,396.09,301.73,375.73,232.64,1.0,0.533,1.0,20.73,25.82,356.82,248.36,371.09,266.82,1.09,0.459,0.0
342,22.09,22.45,338.36,217.18,325.73,231.73,1.82,0.55,0.0,14.82,31.46,264.91,201.73,400.91,252.73,2.0,0.562,1.0
343,14.82,31.46,264.91,201.73,400.91,252.73,2.0,0.562,1.0,22.09,22.45,338.36,217.18,325.73,231.73,1.82,0.55,0.0
344,23.45,22.0,341.64,238.18,380.55,255.0,0.73,0.517,0.0,19.73,28.0,315.0,219.45,377.45,260.0,2.27,0.496,1.0
345,19.73,28.0,315.0,219.45,377.45,260.0,2.27,0.496,1.0,23.45,22.0,341.64,238.18,380.55,255.0,0.73,0.517,0.0
346,21.18,22.91,354.18,230.0,338.55,214.55,1.64,0.603,0.0,19.64,19.279999,288.45,200.64,320.64,217.18,1.64,0.504,1.0
347,19.64,19.279999,288.45,200.64,320.64,217.18,1.64,0.504,1.0,21.18,22.91,354.18,230.0,338.55,214.55,1.64,0.603,0.0
348,30.18,14.820001,382.27,236.64,248.0,136.91,1.55,0.43,0.0,35.09,18.36,433.27,222.73,322.73,235.0,0.91,0.459,1.0
349,35.09,18.36,433.27,222.73,322.73,235.0,0.91,0.459,1.0,30.18,14.820001,382.27,236.64,248.0,136.91,1.55,0.43,0.0
350,26.27,18.630001,378.64,236.18,338.64,244.45,1.09,0.417,0.0,26.55,23.91,385.36,248.45,370.27,268.73,1.36,0.5,1.0
351,26.55,23.91,385.36,248.45,370.27,268.73,1.36,0.5,1.0,26.27,18.630001,378.64,236.18,338.64,244.45,1.09,0.417,0.0
352,25.83,19.66,432.75,305.17,321.58,215.17,1.33,0.476,0.0,17.67,17.34,281.75,202.42,319.67,222.17,1.08,0.451,1.0
353,17.67,17.34,281.75,202.42,319.67,222.17,1.08,0.451,1.0,25.83,19.66,432.75,305.17,321.58,215.17,1.33,0.476,0.0
354,23.33,26.66,341.25,220.75,366.67,229.17,1.83,0.517,0.0,21.67,26.92,369.42,295.17,368.17,259.5,1.75,0.587,1.0
355,21.67,26.92,369.42,295.17,368.17,259.5,1.75,0.587,1.0,23.33,26.66,341.25,220.75,366.67,229.17,1.83,0.517,0.0
356,33.83,18.250002,420.75,212.92,323.42,228.5,0.92,0.51,0.0,21.42,15.67,353.0,215.08,300.08,195.83,1.08,0.368,1.0
357,21.42,15.67,353.0,215.08,300.08,195.83,1.08,0.368,1.0,33.83,18.250002,420.75,212.92,323.42,228.5,0.92,0.51,0.0
358,14.92,24.84,301.0,223.0,405.0,247.42,1.83,0.608,0.0,20.5,22.67,347.92,225.25,337.25,213.25,1.67,0.611,1.0
359,20.5,22.67,347.92,225.25,337.25,213.25,1.67,0.611,1.0,14.92,24.84,301.0,223.0,405.0,247.42,1.83,0.608,0.0
360,19.67,18.75,291.33,200.5,317.17,213.5,1.58,0.5,0.0,21.25,29.25,331.75,217.67,426.33,307.5,0.75,0.531,1.0
361,21.25,29.25,331.75,217.67,426.33,307.5,0.75,0.531,1.0,19.67,18.75,291.33,200.5,317.17,213.5,1.58,0.5,0.0
362,14.42,24.17,262.42,163.0,361.42,229.83,1.42,0.497,0.0,24.08,21.25,340.0,238.58,376.75,253.75,0.67,0.469,1.0
363,24.08,21.25,340.0,238.58,376.75,253.75,0.67,0.469,1.0,14.42,24.17,262.42,163.0,361.42,229.83,1.42,0.497,0.0
364,16.5,19.75,295.75,187.42,324.25,210.58,1.08,0.528,0.0,24.42,22.59,372.83,243.0,374.0,262.92,1.17,0.528,1.0
365,24.42,22.59,372.83,243.0,374.0,262.92,1.17,0.528,1.0,16.5,19.75,295.75,187.42,324.25,210.58,1.08,0.528,0.0
366,20.33,20.08,363.25,274.17,309.25,199.33,1.83,0.497,0.0,18.33,24.33,359.42,246.0,360.42,223.83,1.5,0.496,1.0
367,18.33,24.33,359.42,246.0,360.42,223.83,1.5,0.496,1.0,20.33,20.08,363.25,274.17,309.25,199.33,1.83,0.497,0.0
368,23.33,26.25,377.25,271.67,398.08,280.08,1.42,0.462,0.0,26.58,20.16,376.58,239.5,347.42,242.92,1.25,0.455,1.0
369,26.58,20.16,376.58,239.5,347.42,242.92,1.25,0.455,1.0,23.33,26.25,377.25,271.67,398.08,280.08,1.42,0.462,0.0
370,29.08,15.25,378.0,230.0,250.92,134.25,1.5,0.479,0.0,24.83,20.66,361.42,254.08,323.5,234.92,0.58,0.455,1.0
371,24.83,20.66,361.42,254.08,323.5,234.92,0.58,0.455,1.0,29.08,15.25,378.0,230.0,250.92,134.25,1.5,0.479,0.0
372,29.0,22.08,384.67,290.17,372.08,230.75,0.92,0.524,0.0,26.83,12.08,360.75,264.42,258.0,163.5,0.92,0.458,1.0
373,26.83,12.08,360.75,264.42,258.0,163.5,0.92,0.458,1.0,29.0,22.08,384.67,290.17,372.08,230.75,0.92,0.524,0.0
374,16.67,31.42,276.92,214.17,399.67,256.17,1.92,0.542,0.0,17.0,23.33,262.83,190.25,317.42,242.17,1.67,0.444,1.0
375,17.0,23.33,262.83,190.25,317.42,242.17,1.67,0.444,1.0,16.67,31.42,276.92,214.17,399.67,256.17,1.92,0.542,0.0
376,23.0,19.5,329.75,204.33,362.08,260.08,1.17,0.438,0.0,19.75,27.0,354.75,245.17,361.75,258.17,1.25,0.483,1.0
377,19.75,27.0,354.75,245.17,361.75,258.17,1.25,0.483,1.0,23.0,19.5,329.75,204.33,362.08,260.08,1.17,0.438,0.0
378,27.42,24.42,390.25,246.58,368.92,269.33,1.42,0.517,0.0,23.58,20.83,369.58,275.42,327.0,222.83,1.67,0.524,1.0
379,23.58,20.83,369.58,275.42,327.0,222.83,1.67,0.524,1.0,27.42,24.42,390.25,246.58,368.92,269.33,1.42,0.517,0.0
380,21.75,21.42,343.75,204.75,328.67,249.17,1.5,0.479,0.0,28.33,28.83,380.42,284.17,358.08,281.83,2.33,0.531,1.0
381,28.33,28.83,380.42,284.17,358.08,281.83,2.33,0.531,1.0,21.75,21.42,343.75,204.75,328.67,249.17,1.5,0.479,0.0
382,19.17,28.25,316.67,221.17,372.83,258.58,2.33,0.507,0.0,22.83,23.66,342.33,223.58,332.67,241.67,1.75,0.517,1.0
383,22.83,23.66,342.33,223.58,332.67,241.67,1.75,0.517,1.0,19.17,28.25,316.67,221.17,372.83,258.58,2.33,0.507,0.0
384,17.38,23.15,271.38,195.77,320.85,242.0,1.62,0.408,0.0,33.08,18.160002,408.15,207.23,314.62,219.0,0.92,0.518,1.0
385,33.08,18.160002,408.15,207.23,314.62,219.0,0.92,0.518,1.0,17.38,23.15,271.38,195.77,320.85,242.0,1.62,0.408,0.0
386,26.23,24.689999,383.92,243.15,375.54,271.15,1.38,0.541,0.0,23.08,27.7,341.54,222.62,373.92,234.77,2.0,0.506,1.0
387,23.08,27.7,341.54,222.62,373.92,234.77,2.0,0.506,1.0,26.23,24.689999,383.92,243.15,375.54,271.15,1.38,0.541,0.0
388,26.0,12.92,354.38,258.23,264.77,171.77,0.92,0.479,0.0,15.23,25.0,312.54,226.77,399.46,242.77,1.77,0.595,1.0
389,15.23,25.0,312.54,226.77,399.46,242.77,1.77,0.595,1.0,26.0,12.92,354.38,258.23,264.77,171.77,0.92,0.479,0.0
390,21.0,22.38,346.77,222.31,346.0,217.77,1.69,0.574,0.0,20.92,28.77,324.38,213.62,414.69,294.23,0.92,0.536,1.0
391,20.92,28.77,324.38,213.62,414.69,294.23,0.92,0.536,1.0,21.0,22.38,346.77,222.31,346.0,217.77,1.69,0.574,0.0
392,23.92,20.15,376.15,276.77,325.54,221.23,1.69,0.547,0.0,25.69,20.54,430.85,306.77,326.23,216.38,1.23,0.47,1.0
393,25.69,20.54,430.85,306.77,326.23,216.38,1.23,0.47,1.0,23.92,20.15,376.15,276.77,325.54,221.23,1.69,0.547,0.0
394,29.08,29.31,392.85,298.23,354.31,278.85,2.46,0.512,0.0,22.08,25.77,366.0,263.15,394.69,276.54,1.46,0.488,1.0
395,22.08,25.77,366.0,263.15,394.69,276.54,1.46,0.488,1.0,29.08,29.31,392.85,298.23,354.31,278.85,2.46,0.512,0.0
396,18.69,17.84,289.46,204.62,326.46,230.15,1.15,0.456,0.0,23.77,20.77,340.08,233.08,367.92,245.08,0.69,0.459,1.0
397,23.77,20.77,340.08,233.08,367.92,245.08,0.69,0.459,1.0,18.69,17.84,289.46,204.62,326.46,230.15,1.15,0.456,0.0
398,18.15,20.07,303.08,196.15,331.15,215.92,1.08,0.544,0.0,28.54,21.62,381.69,288.69,364.85,227.15,1.0,0.541,1.0
399,28.54,21.62,381.69,288.69,364.85,227.15,1.0,0.541,1.0,18.15,20.07,303.08,196.15,331.15,215.92,1.08,0.544,0.0
400,17.0,30.689999,283.46,216.15,397.69,256.62,1.85,0.527,0.0,19.0,27.85,311.92,218.15,376.31,261.77,2.15,0.497,1.0
401,19.0,27.85,311.92,218.15,376.31,261.77,2.15,0.497,1.0,17.0,30.689999,283.46,216.15,397.69,256.62,1.85,0.527,0.0
402,24.38,23.759998,376.0,245.85,375.31,265.85,1.31,0.503,0.0,24.46,19.609999,346.85,218.69,361.54,259.92,1.15,0.444,1.0
403,24.46,19.609999,346.85,218.69,361.54,259.92,1.15,0.444,1.0,24.38,23.759998,376.0,245.85,375.31,265.85,1.31,0.503,0.0
404,21.08,16.31,341.92,206.62,296.77,191.46,1.08,0.408,0.0,19.92,18.61,290.08,195.46,310.92,209.77,1.62,0.482,1.0
405,19.92,18.61,290.08,195.46,310.92,209.77,1.62,0.482,1.0,21.08,16.31,341.92,206.62,296.77,191.46,1.08,0.408,0.0
406,17.69,25.92,351.15,239.69,373.08,232.0,1.38,0.507,0.0,19.85,28.16,354.77,246.15,376.38,268.38,1.23,0.506,1.0
407,19.85,28.16,354.77,246.15,376.38,268.38,1.23,0.506,1.0,17.69,25.92,351.15,239.69,373.08,232.0,1.38,0.507,0.0
408,26.08,19.16,374.85,239.08,338.46,236.62,1.15,0.444,0.0,22.23,19.31,375.69,278.46,304.85,196.62,1.69,0.488,1.0
409,22.23,19.31,375.69,278.46,304.85,196.62,1.69,0.488,1.0,26.08,19.16,374.85,239.08,338.46,236.62,1.15,0.444,0.0
410,23.08,26.39,376.46,295.69,366.38,258.38,1.62,0.559,0.0,30.54,17.62,388.62,239.54,267.38,150.77,1.46,0.503,1.0
411,30.54,17.62,388.62,239.54,267.38,150.77,1.46,0.503,1.0,23.08,26.39,376.46,295.69,366.38,258.38,1.62,0.559,0.0
412,22.85,23.16,348.15,229.46,326.69,237.08,1.69,0.482,0.0,14.46,23.84,262.38,161.31,359.85,225.0,1.38,0.512,1.0
413,14.46,23.84,262.38,161.31,359.85,225.0,1.38,0.512,1.0,22.85,23.16,348.15,229.46,326.69,237.08,1.69,0.482,0.0
414,22.77,22.69,341.08,207.69,345.08,265.92,1.46,0.485,0.0,26.46,22.769999,369.38,261.38,338.31,244.08,0.62,0.488,1.0
415,26.46,22.769999,369.38,261.38,338.31,244.08,0.62,0.488,1.0,22.77,22.69,341.08,207.69,345.08,265.92,1.46,0.485,0.0
416,20.79,15.860001,336.14,201.21,291.93,190.5,1.14,0.418,0.0,26.57,12.929999,349.86,248.07,268.36,170.29,0.86,0.454,1.0
417,26.57,12.929999,349.86,248.07,268.36,170.29,0.86,0.454,1.0,20.79,15.860001,336.14,201.21,291.93,190.5,1.14,0.418,0.0
418,23.71,21.849998,369.93,276.07,336.21,220.57,1.64,0.543,0.0,29.93,18.43,383.21,236.21,269.0,154.36,1.5,0.495,1.0
419,29.93,18.43,383.21,236.21,269.0,154.36,1.5,0.495,1.0,23.71,21.849998,369.93,276.07,336.21,220.57,1.64,0.543,0.0
420,24.36,23.57,375.86,245.0,379.36,266.07,1.36,0.51,0.0,29.71,28.419998,400.14,308.79,350.07,276.79,2.36,0.495,1.0
421,29.71,28.419998,400.14,308.79,350.07,276.79,2.36,0.495,1.0,24.36,23.57,375.86,245.0,379.36,266.07,1.36,0.51,0.0
422,17.86,25.220001,344.79,235.79,372.43,232.29,1.29,0.497,0.0,23.5,26.07,370.29,288.93,362.57,253.71,1.57,0.579,1.0
423,23.5,26.07,370.29,288.93,362.57,253.71,1.57,0.579,1.0,17.86,25.220001,344.79,235.79,372.43,232.29,1.29,0.497,0.0
424,28.14,20.279999,384.36,291.43,356.71,225.14,1.0,0.523,0.0,18.29,18.080002,298.43,212.79,324.0,227.43,1.29,0.48,1.0
425,18.29,18.080002,298.43,212.79,324.0,227.43,1.29,0.48,1.0,28.14,20.279999,384.36,291.43,356.71,225.14,1.0,0.523,0.0
426,33.71,18.349998,409.71,207.57,314.29,218.14,0.86,0.503,0.0,21.21,23.5,350.07,223.64,353.07,217.86,1.71,0.538,1.0
427,21.21,23.5,350.07,223.64,353.07,217.86,1.71,0.538,1.0,33.71,18.349998,409.71,207.57,314.29,218.14,0.86,0.503,0.0
428,23.14,27.849998,346.71,225.93,377.79,237.57,2.07,0.538,0.0,21.64,23.5,331.36,204.21,350.71,268.86,1.36,0.505,1.0
429,21.64,23.5,331.36,204.21,350.71,268.86,1.36,0.505,1.0,23.14,27.849998,346.71,225.93,377.79,237.57,2.07,0.538,0.0
430,21.71,26.64,360.93,262.21,401.86,288.64,1.57,0.497,0.0,17.07,20.279999,299.36,196.36,337.43,223.86,1.07,0.551,1.0
431,17.07,20.279999,299.36,196.36,337.43,223.86,1.07,0.551,1.0,21.71,26.64,360.93,262.21,401.86,288.64,1.57,0.497,0.0
432,15.07,25.64,312.71,221.36,391.71,233.71,2.0,0.599,0.0,17.21,31.07,290.64,219.43,398.71,257.86,1.79,0.5,1.0
433,17.21,31.07,290.64,219.43,398.71,257.86,1.79,0.5,1.0,15.07,25.64,312.71,221.36,391.71,233.71,2.0,0.599,0.0
434,19.21,18.5,285.71,194.21,307.36,204.14,1.86,0.487,0.0,17.64,24.5,274.14,196.57,328.64,239.86,1.64,0.449,1.0
435,17.64,24.5,274.14,196.57,328.64,239.86,1.64,0.449,1.0,19.21,18.5,285.71,194.21,307.36,204.14,1.86,0.487,0.0
436,27.0,21.64,373.29,264.64,328.79,238.0,0.57,0.497,0.0,24.21,19.919998,352.93,222.29,362.43,258.07,1.14,0.459,1.0
437,24.21,19.919998,352.93,222.29,362.43,258.07,1.14,0.459,1.0,27.0,21.64,373.29,264.64,328.79,238.0,0.57,0.497,0.0
438,27.0,20.57,434.0,300.0,323.57,220.0,1.14,0.487,0.0,23.86,23.43,352.93,231.5,328.5,238.07,1.64,0.472,1.0
439,23.86,23.43,352.93,231.5,328.5,238.07,1.64,0.472,1.0,27.0,20.57,434.0,300.0,323.57,220.0,1.14,0.487,0.0
440,19.57,27.57,355.43,245.43,368.21,262.43,1.14,0.487,0.0,21.36,20.720001,373.5,278.79,307.64,197.36,2.07,0.492,1.0
441,21.36,20.720001,373.5,278.79,307.64,197.36,2.07,0.492,1.0,19.57,27.57,355.43,245.43,368.21,262.43,1.14,0.487,0.0
442,22.14,28.43,333.0,214.0,413.14,290.43,0.93,0.523,0.0,26.5,24.64,387.07,245.36,378.29,271.0,1.36,0.528,1.0
443,26.5,24.64,387.07,245.36,378.29,271.0,1.36,0.528,0.0,22.14,28.43,333.0,214.0,413.14,290.43,0.93,0.523,1.0
444,20.21,27.279999,319.07,222.14,376.86,261.79,2.21,0.49,0.0,15.36,24.79,268.79,167.71,363.79,227.36,1.36,0.513,1.0
445,15.36,24.79,268.79,167.71,363.79,227.36,1.36,0.513,1.0,20.21,27.279999,319.07,222.14,376.86,261.79,2.21,0.49,0.0
446,23.57,20.21,336.64,230.14,371.29,250.36,0.64,0.457,0.0,27.0,18.5,372.64,236.79,338.93,239.93,1.14,0.444,1.0
447,27.0,18.5,372.64,236.79,338.93,239.93,1.14,0.444,1.0,23.57,20.21,336.64,230.14,371.29,250.36,0.64,0.457,0.0
448,17.53,23.53,273.13,195.07,324.07,236.2,1.6,0.462,0.0,20.53,16.400002,331.6,199.53,300.07,195.87,1.07,0.453,1.0
449,20.53,16.400002,331.6,199.53,300.07,195.87,1.07,0.453,1.0,17.53,23.53,273.13,195.07,324.07,236.2,1.6,0.462,0.0
450,27.73,22.06,373.53,265.33,333.33,238.67,0.53,0.496,0.0,22.0,28.53,342.67,224.13,374.2,228.8,2.13,0.531,1.0
451,22.0,28.53,342.67,224.13,374.2,228.8,2.13,0.531,1.0,27.73,22.06,373.53,265.33,333.33,238.67,0.53,0.496,0.0
452,20.8,24.0,342.8,221.0,361.6,219.2,1.67,0.558,0.0,16.4,26.47,320.53,231.33,399.07,245.2,1.93,0.571,1.0
453,16.4,26.47,320.53,231.33,399.07,245.2,1.93,0.571,1.0,20.8,24.0,342.8,221.0,361.6,219.2,1.67,0.558,0.0
454,16.67,25.869999,274.93,175.27,376.33,235.27,1.27,0.5,0.0,25.8,20.33,425.8,297.13,330.73,226.2,1.13,0.496,1.0
455,25.8,20.33,425.8,297.13,330.73,226.2,1.13,0.496,1.0,16.67,25.869999,274.93,175.27,376.33,235.27,1.27,0.5,0.0
456,19.87,26.87,356.13,246.87,362.6,262.6,1.07,0.478,0.0,17.73,20.06,302.6,196.47,327.67,215.27,1.0,0.522,1.0
457,17.73,20.06,302.6,196.47,327.67,215.27,1.0,0.522,1.0,19.87,26.87,356.13,246.87,362.6,262.6,1.07,0.478,0.0
458,23.53,19.53,339.73,228.07,355.8,239.13,0.8,0.469,0.0,21.4,26.67,349.6,251.07,398.27,282.6,1.47,0.487,1.0
459,21.4,26.67,349.6,251.07,398.27,282.6,1.47,0.487,1.0,23.53,19.53,339.73,228.07,355.8,239.13,0.8,0.469,0.0
460,24.47,21.14,355.87,224.0,363.4,259.2,1.13,0.484,0.0,24.27,23.34,366.07,239.4,383.07,270.27,1.4,0.516,1.0
461,24.27,23.34,366.07,239.4,383.07,270.27,1.4,0.516,1.0,24.47,21.14,355.87,224.0,363.4,259.2,1.13,0.484,0.0
462,22.73,22.33,330.87,197.67,346.4,264.2,1.27,0.498,0.0,17.47,25.14,341.0,231.6,382.13,242.33,1.27,0.485,1.0
463,17.47,25.14,341.0,231.6,382.13,242.33,1.27,0.485,1.0,22.73,22.33,330.87,197.67,346.4,264.2,1.27,0.498,0.0
464,21.07,20.94,367.53,277.87,311.53,202.0,1.93,0.496,0.0,28.0,19.130001,382.07,288.27,348.53,219.0,0.93,0.527,1.0
465,28.0,19.130001,382.07,288.27,348.53,219.0,0.93,0.527,1.0,21.07,20.94,367.53,277.87,311.53,202.0,1.93,0.496,0.0
466,17.27,18.6,294.13,207.47,325.73,228.53,1.2,0.498,0.0,25.87,18.800001,357.07,226.47,341.87,237.2,1.13,0.471,1.0
467,25.87,18.800001,357.07,226.47,341.87,237.2,1.13,0.471,1.0,17.27,18.6,294.13,207.47,325.73,228.53,1.2,0.498,0.0
468,18.6,31.33,304.73,231.87,400.8,265.4,1.73,0.471,0.0,26.4,13.2,354.13,249.6,268.33,170.67,0.87,0.476,1.0
469,26.4,13.2,354.13,249.6,268.33,170.67,0.87,0.476,1.0,18.6,31.33,304.73,231.87,400.8,265.4,1.73,0.471,0.0
470,23.4,22.47,358.13,236.93,327.33,239.33,1.53,0.469,0.0,21.6,27.8,334.6,230.4,375.8,263.07,2.07,0.467,1.0
471,21.6,27.8,334.6,230.4,375.8,263.07,2.07,0.467,1.0,23.4,22.47,358.13,236.93,327.33,239.33,1.53,0.469,0.0
472,22.47,27.4,338.27,210.33,400.53,279.93,0.87,0.531,0.0,24.2,22.67,371.6,279.2,336.07,220.2,1.6,0.549,1.0
473,24.2,22.67,371.6,279.2,336.07,220.2,1.6,0.549,1.0,22.47,27.4,338.27,210.33,400.53,279.93,0.87,0.531,0.0
474,18.6,18.33,284.0,193.6,304.13,202.13,1.87,0.478,0.0,33.53,18.13,414.47,209.6,309.4,215.87,0.87,0.496,1.0
475,33.53,18.13,414.47,209.6,309.4,215.87,0.87,0.496,1.0,18.6,18.33,284.0,193.6,304.13,202.13,1.87,0.478,0.0
476,30.2,19.27,379.93,234.8,251.13,170.4,22.93,0.493,0.0,25.6,24.800001,376.2,237.87,380.53,263.53,1.33,0.511,1.0
477,25.6,24.800001,376.2,237.87,380.53,263.53,1.33,0.511,1.0,30.2,19.27,379.93,234.8,251.13,170.4,22.93,0.493,0.0
478,23.53,25.130001,380.13,295.2,357.6,248.33,1.6,0.558,0.0,29.07,28.07,402.47,310.13,342.0,269.07,2.53,0.507,1.0
479,29.07,28.07,402.47,310.13,342.0,269.07,2.53,0.507,1.0,23.53,25.130001,380.13,295.2,357.6,248.33,1.6,0.558,0.0
480,13.0,16.0,295.0,173.0,362.0,207.0,2.0,1.0,0.0,6.0,38.0,306.0,168.0,381.0,270.0,3.0,1.0,1.0
481,6.0,38.0,306.0,168.0,381.0,270.0,3.0,1.0,1.0,13.0,16.0,295.0,173.0,362.0,207.0,2.0,1.0,0.0
482,16.0,26.0,291.0,262.0,349.0,208.0,2.0,1.0,0.0,27.0,23.0,363.0,214.0,426.0,288.0,0.0,0.0,1.0
483,27.0,23.0,363.0,214.0,426.0,288.0,0.0,0.0,1.0,16.0,26.0,291.0,262.0,349.0,208.0,2.0,1.0,0.0
484,34.0,43.0,382.0,248.0,522.0,364.0,1.0,1.0,0.0,20.0,27.0,445.0,357.0,241.0,150.0,2.0,1.0,1.0
485,20.0,27.0,445.0,357.0,241.0,150.0,2.0,1.0,1.0,34.0,43.0,382.0,248.0,522.0,364.0,1.0,1.0,0.0
486,27.0,17.0,239.0,159.0,265.0,208.0,0.0,0.0,0.0,24.0,20.0,404.0,224.0,366.0,243.0,1.0,0.0,1.0
487,24.0,20.0,404.0,224.0,366.0,243.0,1.0,0.0,1.0,27.0,17.0,239.0,159.0,265.0,208.0,0.0,0.0,0.0
488,25.0,38.0,506.0,434.0,383.0,299.0,2.0,1.0,0.0,17.0,20.0,380.0,244.0,422.0,269.0,0.0,1.0,1.0
489,17.0,20.0,380.0,244.0,422.0,269.0,0.0,1.0,1.0,25.0,38.0,506.0,434.0,383.0,299.0,2.0,1.0,0.0
490,23.0,27.0,426.0,288.0,363.0,214.0,1.0,1.0,0.0,43.0,34.0,522.0,364.0,382.0,248.0,0.0,0.0,1.0
491,43.0,34.0,522.0,364.0,382.0,248.0,0.0,0.0,1.0,23.0,27.0,426.0,288.0,363.0,214.0,1.0,1.0,0.0
492,38.0,6.0,381.0,270.0,306.0,168.0,1.0,0.0,0.0,20.0,34.0,360.0,242.0,369.0,203.0,1.0,1.0,1.0
493,20.0,34.0,360.0,242.0,369.0,203.0,1.0,1.0,1.0,38.0,6.0,381.0,270.0,306.0,168.0,1.0,0.0,0.0
494,27.0,17.0,404.0,306.0,254.0,202.0,2.0,0.0,0.0,11.0,21.0,269.0,182.0,357.0,140.0,3.0,1.0,1.0
495,11.0,21.0,269.0,182.0,357.0,140.0,3.0,1.0,1.0,27.0,17.0,404.0,306.0,254.0,202.0,2.0,0.0,0.0
496,20.0,24.0,366.0,243.0,404.0,224.0,0.0,1.0,0.0,17.0,27.0,254.0,202.0,404.0,306.0,2.0,1.0,1.0
497,17.0,27.0,254.0,202.0,404.0,306.0,2.0,1.0,1.0,20.0,24.0,366.0,243.0,404.0,224.0,0.0,1.0,0.0
498,27.0,20.0,241.0,150.0,445.0,357.0,0.0,0.0,0.0,16.0,14.0,377.0,247.0,323.0,216.0,0.0,0.0,1.0
499,16.0,14.0,377.0,247.0,323.0,216.0,0.0,0.0,1.0,27.0,20.0,241.0,150.0,445.0,357.0,0.0,0.0,0.0
500,20.0,17.0,422.0,269.0,380.0,244.0,1.0,0.0,0.0,17.0,27.0,265.0,208.0,239.0,159.0,3.0,1.0,1.0
501,17.0,27.0,265.0,208.0,239.0,159.0,3.0,1.0,1.0,20.0,17.0,422.0,269.0,380.0,244.0,1.0,0.0,0.0
502,14.0,16.0,323.0,216.0,377.0,247.0,1.0,1.0,0.0,26.0,16.0,349.0,208.0,291.0,262.0,1.0,0.0,1.0
503,26.0,16.0,349.0,208.0,291.0,262.0,1.0,0.0,1.0,14.0,16.0,323.0,216.0,377.0,247.0,1.0,1.0,0.0
504,34.0,20.0,369.0,203.0,360.0,242.0,0.0,0.0,0.0,16.0,13.0,362.0,207.0,295.0,173.0,0.0,0.0,1.0
505,16.0,13.0,362.0,207.0,295.0,173.0,0.0,0.0,1.0,34.0,20.0,369.0,203.0,360.0,242.0,0.0,0.0,0.0
506,21.0,11.0,357.0,140.0,269.0,182.0,1.0,0.0,0.0,38.0,25.0,383.0,299.0,506.0,434.0,0.0,0.0,1.0
507,38.0,25.0,383.0,299.0,506.0,434.0,0.0,0.0,1.0,21.0,11.0,357.0,140.0,269.0,182.0,1.0,0.0,0.0
508,30.0,34.0,388.0,259.0,372.0,239.0,0.0,1.0,0.0,23.0,34.0,310.0,224.0,271.0,189.0,3.0,1.0,1.0
509,23.0,34.0,310.0,224.0,271.0,189.0,3.0,1.0,1.0,30.0,34.0,388.0,259.0,372.0,239.0,0.0,1.0,0.0
510,34.0,23.0,271.0,189.0,310.0,224.0,0.0,0.0,0.0,34.0,30.0,372.0,239.0,388.0,259.0,0.0,0.0,1.0
511,34.0,30.0,372.0,239.0,388.0,259.0,0.0,0.0,1.0,34.0,23.0,271.0,189.0,310.0,224.0,0.0,0.0,0.0
512,19.5,26.0,339.5,246.5,440.0,275.5,1.5,0.75,0.0,28.5,26.5,360.5,232.5,399.5,294.0,1.0,0.75,1.0
513,28.5,26.5,360.5,232.5,399.5,294.0,1.0,0.75,1.0,19.5,26.0,339.5,246.5,440.0,275.5,1.5,0.75,0.0
514,22.0,18.0,333.5,191.5,360.5,254.0,1.0,0.0,0.0,32.0,39.0,443.0,350.5,476.5,372.0,1.0,0.75,1.0
515,32.0,39.0,443.0,350.5,476.5,372.0,1.0,0.75,1.0,22.0,18.0,333.5,191.5,360.5,254.0,1.0,0.0,0.0
516,28.5,18.0,435.5,263.5,371.5,243.0,1.0,0.25,0.0,29.0,22.5,463.5,358.5,332.0,256.5,1.5,0.0,1.0
517,29.0,22.5,463.5,358.5,332.0,256.5,1.5,0.0,1.0,28.5,18.0,435.5,263.5,371.5,243.0,1.0,0.25,0.0
518,21.0,23.5,277.5,179.0,351.5,243.0,1.0,0.5,0.0,20.5,34.0,370.0,193.5,367.0,277.5,2.0,0.5,1.0
519,20.5,34.0,370.0,193.5,367.0,277.5,2.0,0.5,1.0,21.0,23.5,277.5,179.0,351.5,243.0,1.0,0.5,0.0
520,15.0,29.0,265.5,187.5,381.5,241.5,1.0,0.75,0.0,24.0,19.0,399.5,280.0,208.0,122.5,1.5,0.25,1.0
521,24.0,19.0,399.5,280.0,208.0,122.5,1.5,0.25,1.0,15.0,29.0,265.5,187.5,381.5,241.5,1.0,0.75,0.0
522,22.0,34.5,366.5,253.0,425.5,221.5,1.0,1.0,0.0,27.0,17.5,421.0,251.0,341.0,221.0,1.0,0.5,1.0
523,27.0,17.5,421.0,251.0,341.0,221.0,1.0,0.5,1.0,22.0,34.5,366.5,253.0,425.5,221.5,1.0,1.0,0.0
524,27.0,25.5,324.5,220.5,349.0,264.5,2.5,0.25,0.0,17.5,21.0,321.0,215.5,393.5,274.0,1.5,1.0,1.0
525,17.5,21.0,321.0,215.5,393.5,274.0,1.5,1.0,1.0,27.0,25.5,324.5,220.5,349.0,264.5,2.5,0.25,0.0
526,24.5,22.0,365.5,239.0,401.5,265.5,0.0,0.25,0.0,22.5,35.5,278.5,171.5,438.0,283.5,2.0,0.75,1.0
527,22.5,35.5,278.5,171.5,438.0,283.5,2.0,0.75,1.0,24.5,22.0,365.5,239.0,401.5,265.5,0.0,0.25,0.0
528,42.5,27.5,505.0,296.5,344.5,233.0,0.0,0.0,0.0,29.0,28.5,347.5,250.5,343.5,242.5,0.5,0.75,1.0
529,29.0,28.5,347.5,250.5,343.5,242.5,0.5,0.75,1.0,42.5,27.5,505.0,296.5,344.5,233.0,0.0,0.0,0.0
530,34.0,27.0,374.5,250.0,406.0,285.5,0.5,0.25,0.0,25.5,23.0,410.5,268.5,349.0,228.5,1.0,0.5,1.0
531,25.5,23.0,410.5,268.5,349.0,228.5,1.0,0.5,1.0,34.0,27.0,374.5,250.0,406.0,285.5,0.5,0.25,0.0
532,25.5,18.5,362.5,210.0,340.5,198.5,0.5,0.5,0.0,14.5,21.5,293.0,241.0,326.5,188.5,2.0,1.0,1.0
533,14.5,21.5,293.0,241.0,326.5,188.5,2.0,1.0,1.0,25.5,18.5,362.5,210.0,340.5,198.5,0.5,0.5,0.0
534,21.5,25.5,324.0,229.0,398.0,213.0,1.5,0.5,0.0,18.0,32.0,314.0,225.0,344.0,208.5,3.0,0.75,1.0
535,18.0,32.0,314.0,225.0,344.0,208.5,3.0,0.75,1.0,21.5,25.5,324.0,229.0,398.0,213.0,1.5,0.5,0.0
536,18.0,33.5,332.0,247.5,388.0,190.0,1.5,1.0,0.0,26.0,18.5,379.5,254.5,305.0,238.5,1.5,0.0,1.0
537,26.0,18.5,379.5,254.5,305.0,238.5,1.5,0.0,1.0,18.0,33.5,332.0,247.5,388.0,190.0,1.5,1.0,0.0
538,23.5,32.5,407.5,299.5,355.5,228.0,2.0,0.75,0.0,18.0,18.0,420.5,251.5,354.5,231.0,0.5,0.5,1.0
539,18.0,18.0,420.5,251.5,354.5,231.0,0.5,0.5,1.0,23.5,32.5,407.5,299.5,355.5,228.0,2.0,0.75,0.0
540,28.5,29.5,475.0,344.5,401.0,268.0,1.5,0.5,0.0,36.5,27.5,406.0,287.0,485.0,415.5,0.5,0.25,1.0
541,36.5,27.5,406.0,287.0,485.0,415.5,0.5,0.25,1.0,28.5,29.5,475.0,344.5,401.0,268.0,1.5,0.5,0.0
542,28.5,20.0,391.5,246.0,419.5,269.0,0.0,0.25,0.0,35.5,11.0,394.0,223.5,305.0,210.5,0.5,0.25,1.0
543,35.5,11.0,394.0,223.5,305.0,210.5,0.5,0.25,1.0,28.5,20.0,391.5,246.0,419.5,269.0,0.0,0.25,0.0
544,15.0,23.33,289.33,205.0,380.0,277.67,1.67,0.889,0.0,12.33,31.33,263.67,175.33,372.0,239.0,1.67,0.778,1.0
545,12.33,31.33,263.67,175.33,372.0,239.0,1.67,0.778,1.0,15.0,23.33,289.33,205.0,380.0,277.67,1.67,0.889,0.0
546,25.67,20.34,406.33,256.67,334.67,224.67,1.67,0.444,0.0,22.67,27.0,372.33,273.33,382.33,258.33,1.33,0.556,1.0
547,22.67,27.0,372.33,273.33,382.33,258.33,1.33,0.556,1.0,25.67,20.34,406.33,256.67,334.67,224.67,1.67,0.444,0.0
548,28.0,15.0,384.0,264.67,225.33,132.0,1.0,0.111,0.0,24.67,20.67,368.0,230.0,364.0,245.0,1.33,0.111,1.0
549,24.67,20.67,368.0,230.0,364.0,245.0,1.33,0.111,1.0,28.0,15.0,384.0,264.67,225.33,132.0,1.0,0.111,0.0
550,23.33,28.0,346.33,203.67,364.33,248.0,1.33,0.667,0.0,22.0,24.67,317.33,238.0,392.33,210.67,1.0,0.389,1.0
551,22.0,24.67,317.33,238.0,392.33,210.67,1.0,0.389,1.0,23.33,28.0,346.33,203.67,364.33,248.0,1.33,0.667,0.0
552,25.0,29.33,346.67,176.33,347.67,253.67,1.33,0.389,0.0,29.33,32.33,490.67,383.33,404.67,277.0,2.0,0.556,1.0
553,29.33,32.33,490.67,383.33,404.67,277.0,2.0,0.556,1.0,25.0,29.33,346.67,176.33,347.67,253.67,1.33,0.389,0.0
554,29.33,31.33,364.0,258.67,352.0,252.0,0.67,0.778,0.0,23.33,30.66,351.67,246.0,409.33,237.0,0.67,0.889,1.0
555,23.33,30.66,351.67,246.0,409.33,237.0,0.67,0.889,1.0,29.33,31.33,364.0,258.67,352.0,252.0,0.67,0.778,0.0
556,25.0,34.0,340.33,193.67,440.0,292.33,2.33,0.889,0.0,19.0,31.67,308.0,242.0,387.67,199.33,1.33,0.889,1.0
557,19.0,31.67,308.0,242.0,387.67,199.33,1.33,0.889,1.0,25.0,34.0,340.33,193.67,440.0,292.33,2.33,0.889,0.0
558,37.0,28.67,408.0,289.67,497.33,430.67,0.67,0.333,0.0,23.33,21.66,324.33,216.33,399.33,232.33,1.0,0.667,1.0
559,23.33,21.66,324.33,216.33,399.33,232.33,1.0,0.667,1.0,37.0,28.67,408.0,289.67,497.33,430.67,0.67,0.333,0.0
560,31.0,25.67,434.0,330.33,380.67,274.67,1.67,0.333,0.0,29.33,30.0,374.67,249.67,406.0,242.33,1.33,0.444,1.0
561,29.33,30.0,374.67,249.67,406.0,242.33,1.33,0.444,1.0,31.0,25.67,434.0,330.33,380.67,274.67,1.67,0.333,0.0
562,12.67,26.34,272.33,215.67,357.67,234.67,2.33,0.889,0.0,29.67,23.67,449.67,279.33,372.67,253.33,1.33,0.5,1.0
563,29.67,23.67,449.67,279.33,372.67,253.33,1.33,0.5,1.0,12.67,26.34,272.33,215.67,357.67,234.67,2.33,0.889,0.0
564,19.67,29.0,336.33,218.67,330.67,224.33,2.67,0.389,0.0,29.0,15.33,381.67,249.0,304.0,187.33,0.33,0.222,1.0
565,29.0,15.33,381.67,249.0,304.0,187.33,0.33,0.222,1.0,19.67,29.0,336.33,218.67,330.67,224.33,2.67,0.389,0.0
566,17.33,19.0,425.67,274.0,337.0,227.67,1.67,0.5,0.0,27.33,20.33,334.0,242.0,308.0,237.67,1.67,0.222,1.0
567,27.33,20.33,334.0,242.0,308.0,237.67,1.67,0.222,1.0,17.33,19.0,425.67,274.0,337.0,227.67,1.67,0.5,0.0
568,30.33,18.66,338.67,172.33,375.67,268.67,0.67,0.556,0.0,20.67,27.0,288.0,188.0,334.33,209.33,2.33,0.5,1.0
569,20.67,27.0,288.0,188.0,334.33,209.33,2.33,0.5,1.0,30.33,18.66,338.67,172.33,375.67,268.67,0.67,0.556,0.0
570,30.0,36.0,419.0,309.33,463.33,350.33,1.0,0.778,0.0,40.67,28.339998,459.67,288.0,362.0,247.0,0.0,0.222,1.0
571,40.67,28.339998,459.67,288.0,362.0,247.0,0.0,0.222,1.0,30.0,36.0,419.0,309.33,463.33,350.33,1.0,0.778,0.0
572,29.0,22.0,409.0,231.0,357.67,235.33,1.0,0.667,0.0,30.33,20.0,433.33,292.33,355.67,202.67,0.33,0.333,1.0
573,30.33,20.0,433.33,292.33,355.67,202.67,0.33,0.333,1.0,29.0,22.0,409.0,231.0,357.67,235.33,1.0,0.667,0.0
574,30.0,23.0,371.5,273.75,312.0,247.75,1.5,0.375,0.0,21.25,20.25,343.25,232.75,345.25,230.25,1.25,0.25,1.0
575,21.25,20.25,343.25,232.75,345.25,230.25,1.25,0.25,1.0,30.0,23.0,371.5,273.75,312.0,247.75,1.5,0.375,0.0
576,24.75,25.5,390.25,274.0,352.25,227.0,1.25,0.5,0.0,26.5,34.5,396.0,294.25,448.25,341.5,0.75,0.75,1.0
577,26.5,34.5,396.0,294.25,448.25,341.5,0.75,0.75,1.0,24.75,25.5,390.25,274.0,352.25,227.0,1.25,0.5,0.0
578,25.75,14.0,360.25,245.0,236.25,159.25,0.75,0.313,0.0,31.0,31.5,387.0,182.5,402.25,310.5,1.0,0.406,1.0
579,31.0,31.5,387.0,182.5,402.25,310.5,1.0,0.406,1.0,25.75,14.0,360.25,245.0,236.25,159.25,0.75,0.313,0.0
580,11.75,24.0,278.0,201.5,328.25,221.5,2.0,0.75,0.0,31.5,36.5,509.5,407.75,430.5,258.0,2.25,0.625,1.0
581,31.5,36.5,509.5,407.75,430.5,258.0,2.25,0.625,1.0,11.75,24.0,278.0,201.5,328.25,221.5,2.0,0.75,0.0
582,23.75,29.25,367.0,237.75,399.5,261.0,1.25,0.594,0.0,20.0,31.5,327.5,254.0,393.25,211.5,1.25,0.75,1.0
583,20.0,31.5,327.5,254.0,393.25,211.5,1.25,0.75,1.0,23.75,29.25,367.0,237.75,399.5,261.0,1.25,0.594,0.0
584,27.75,30.0,376.75,261.5,388.75,250.25,1.5,0.625,0.0,29.25,17.5,405.75,276.5,356.0,195.0,0.5,0.375,1.0
585,29.25,17.5,405.75,276.5,356.0,195.0,0.5,0.375,1.0,27.75,30.0,376.75,261.5,388.75,250.25,1.5,0.625,0.0
586,24.5,23.0,370.25,225.75,362.0,237.5,1.5,0.375,0.0,16.25,32.75,278.0,179.5,368.75,239.75,1.25,0.625,1.0
587,16.25,32.75,278.0,179.5,368.75,239.75,1.25,0.625,1.0,24.5,23.0,370.25,225.75,362.0,237.5,1.5,0.375,0.0
588,21.0,26.75,319.0,207.5,352.25,243.5,2.25,0.469,0.0,26.67,19.34,382.0,242.33,290.0,236.0,1.0,0.083,1.0
589,26.67,19.34,382.0,242.33,290.0,236.0,1.0,0.083,1.0,21.0,26.75,319.0,207.5,352.25,243.5,2.25,0.469,0.0
590,24.75,24.75,364.25,253.5,401.5,243.0,1.0,0.406,0.0,30.5,18.25,341.5,180.75,367.5,270.0,1.0,0.5,1.0
591,30.5,18.25,341.5,180.75,367.5,270.0,1.0,0.5,1.0,24.75,24.75,364.25,253.5,401.5,243.0,1.0,0.406,0.0
592,26.5,31.25,357.75,207.25,426.5,291.75,1.75,0.688,0.0,35.5,27.25,416.25,303.0,476.75,401.0,0.75,0.25,1.0
593,35.5,27.25,416.25,303.0,476.75,401.0,0.75,0.25,1.0,26.5,31.25,357.75,207.25,426.5,291.75,1.75,0.688,0.0
594,23.25,24.0,347.0,240.25,409.75,260.0,1.25,0.688,0.0,26.75,17.75,390.5,262.0,294.75,184.0,1.0,0.219,1.0
595,26.75,17.75,390.5,262.0,294.75,184.0,1.0,0.219,1.0,23.25,24.0,347.0,240.25,409.75,260.0,1.25,0.688,0.0
596,26.5,20.0,397.25,255.0,353.25,229.75,1.25,0.406,0.0,19.75,28.0,301.75,209.5,338.25,208.5,2.0,0.594,1.0
597,19.75,28.0,301.75,209.5,338.25,208.5,2.0,0.594,1.0,26.5,20.0,397.25,255.0,353.25,229.75,1.25,0.406,0.0
598,20.75,23.75,400.25,325.0,373.75,263.0,1.75,0.656,0.0,30.75,30.75,371.0,251.0,334.25,236.75,0.75,0.625,1.0
599,30.75,30.75,371.0,251.0,334.25,236.75,0.75,0.625,1.0,20.75,23.75,400.25,325.0,373.75,263.0,1.75,0.656,0.0
600,30.75,25.0,409.75,316.25,381.25,280.25,1.25,0.375,0.0,26.67,24.67,391.67,262.67,422.33,256.33,0.33,0.25,1.0
601,26.67,24.67,391.67,262.67,422.33,256.33,0.33,0.25,1.0,30.75,25.0,409.75,316.25,381.25,280.25,1.25,0.375,0.0
602,21.0,20.0,323.2,227.8,344.0,230.8,1.2,0.29,0.0,24.4,23.6,399.6,281.8,356.4,223.0,1.0,0.4,1.0
603,24.4,23.6,399.6,281.8,356.4,223.0,1.0,0.4,1.0,21.0,20.0,323.2,227.8,344.0,230.8,1.2,0.29,0.0
604,20.4,25.2,332.4,229.8,387.6,228.6,1.4,0.46,0.0,25.2,17.6,349.8,244.0,266.0,179.6,1.0,0.4,1.0
605,25.2,17.6,349.8,244.0,266.0,179.6,1.0,0.4,1.0,20.4,25.2,332.4,229.8,387.6,228.6,1.4,0.46,0.0
606,24.75,31.75,334.0,232.25,405.0,234.75,0.75,0.75,0.0,21.8,29.4,366.4,248.0,416.8,280.2,1.4,0.5,1.0
607,21.8,29.4,366.4,248.0,416.8,280.2,1.4,0.5,1.0,24.75,31.75,334.0,232.25,405.0,234.75,0.75,0.75,0.0
608,15.0,32.2,279.4,176.0,394.2,265.6,1.0,0.53,0.0,27.2,22.6,364.8,260.6,379.6,233.6,1.0,0.58,1.0
609,27.2,22.6,364.8,260.6,379.6,233.6,1.0,0.58,1.0,15.0,32.2,279.4,176.0,394.2,265.6,1.0,0.53,0.0
610,24.4,32.2,391.4,276.8,446.0,335.8,0.8,0.76,0.0,26.4,30.4,376.0,215.4,404.0,271.4,1.8,0.76,1.0
611,26.4,30.4,376.0,215.4,404.0,271.4,1.8,0.76,1.0,24.4,32.2,391.4,276.8,446.0,335.8,0.8,0.76,0.0
612,20.5,24.5,306.75,214.25,365.25,256.25,2.0,0.65,0.0,24.25,23.0,396.0,216.25,349.0,233.75,1.75,0.7,1.0
613,24.25,23.0,396.0,216.25,349.0,233.75,1.75,0.7,1.0,20.5,24.5,306.75,214.25,365.25,256.25,2.0,0.65,0.0
614,17.8,28.4,263.0,181.6,356.4,226.8,1.6,0.66,0.0,16.2,26.6,282.4,203.4,343.0,232.4,1.8,0.68,1.0
615,16.2,26.6,282.4,203.4,343.0,232.4,1.8,0.68,1.0,17.8,28.4,263.0,181.6,356.4,226.8,1.6,0.66,0.0
616,22.0,28.0,359.2,274.6,387.4,227.0,1.4,0.6,0.0,30.5,22.5,377.25,245.75,409.25,261.0,0.25,0.363,1.0
617,30.5,22.5,377.25,245.75,409.25,261.0,0.25,0.363,1.0,22.0,28.0,359.2,274.6,387.4,227.0,1.4,0.6,0.0
618,29.8,15.199999,339.6,178.8,335.0,243.0,1.0,0.46,0.0,22.6,29.0,322.4,214.4,355.2,241.0,2.2,0.54,1.0
619,22.6,29.0,322.4,214.4,355.2,241.0,2.2,0.54,1.0,29.8,15.199999,339.6,178.8,335.0,243.0,1.0,0.46,0.0
620,31.2,29.800001,386.6,198.2,383.4,296.4,1.2,0.46,0.0,29.5,21.75,378.25,239.5,301.5,237.5,1.0,0.188,1.0
621,29.5,21.75,378.25,239.5,301.5,237.5,1.0,0.188,1.0,31.2,29.800001,386.6,198.2,383.4,296.4,1.2,0.46,0.0
622,27.2,18.0,403.6,264.0,304.2,197.8,1.2,0.34,0.0,24.8,22.8,364.2,235.2,323.0,215.6,1.4,0.26,1.0
623,24.8,22.8,364.2,235.2,323.0,215.6,1.4,0.26,1.0,27.2,18.0,403.6,264.0,304.2,197.8,1.2,0.34,0.0
624,38.0,25.25,445.5,294.75,353.25,247.5,0.0,0.263,0.0,27.8,22.4,365.0,265.6,298.2,239.8,1.4,0.49,1.0
625,27.8,22.4,365.0,265.6,298.2,239.8,1.4,0.49,1.0,38.0,25.25,445.5,294.75,353.25,247.5,0.0,0.263,0.0
626,29.8,22.0,407.2,287.8,382.8,225.2,0.6,0.46,0.0,27.8,28.4,401.8,308.0,371.8,263.2,1.6,0.56,1.0
627,27.8,28.4,401.8,308.0,371.8,263.2,1.6,0.56,1.0,29.8,22.0,407.2,287.8,382.8,225.2,0.6,0.46,0.0
628,25.6,20.400002,395.4,254.4,346.6,222.4,1.4,0.29,0.0,32.6,36.0,488.0,381.4,404.4,248.6,2.2,0.52,1.0
629,32.6,36.0,488.0,381.4,404.4,248.6,2.2,0.52,1.0,25.6,20.400002,395.4,254.4,346.6,222.4,1.4,0.29,0.0
630,16.83,25.33,275.33,187.5,342.0,235.5,1.67,0.583,0.0,23.5,29.17,329.33,207.0,355.17,229.67,2.0,0.569,1.0
631,23.5,29.17,329.33,207.0,355.17,229.67,2.0,0.569,1.0,16.83,25.33,275.33,187.5,342.0,235.5,1.67,0.583,0.0
632,26.6,28.6,347.8,230.4,379.0,234.0,0.8,0.613,0.0,27.0,30.67,403.17,291.17,432.5,335.33,0.83,0.606,1.0
633,27.0,30.67,403.17,291.17,432.5,335.33,0.83,0.606,1.0,26.6,28.6,347.8,230.4,379.0,234.0,0.8,0.613,0.0
634,27.17,31.17,358.83,189.33,365.67,271.67,1.33,0.542,0.0,21.5,26.17,343.33,241.5,394.67,252.33,1.33,0.464,1.0
635,21.5,26.17,343.33,241.5,394.67,252.33,1.33,0.464,1.0,27.17,31.17,358.83,189.33,365.67,271.67,1.33,0.542,0.0
636,33.8,27.0,395.8,280.4,471.2,370.4,0.8,0.313,0.0,27.67,18.67,402.5,241.5,346.17,226.5,1.17,0.317,1.0
637,27.67,18.67,402.5,241.5,346.17,226.5,1.17,0.317,1.0,33.8,27.0,395.8,280.4,471.2,370.4,0.8,0.313,0.0
638,29.17,21.17,417.0,276.67,353.33,208.0,0.67,0.478,0.0,20.0,22.0,305.2,204.2,349.8,239.2,2.0,0.613,1.0
639,20.0,22.0,305.2,204.2,349.8,239.2,2.0,0.613,1.0,29.17,21.17,417.0,276.67,353.33,208.0,0.67,0.478,0.0
640,32.4,27.800001,396.6,257.2,347.4,231.2,0.4,0.4,0.0,24.33,30.33,368.0,282.17,423.0,245.5,1.17,0.667,1.0
641,24.33,30.33,368.0,282.17,423.0,245.5,1.17,0.667,1.0,32.4,27.800001,396.6,257.2,347.4,231.2,0.4,0.4,0.0
642,23.0,23.5,383.5,266.67,340.5,218.83,1.33,0.522,0.0,30.6,30.0,378.4,263.4,337.4,237.2,0.8,0.533,1.0
643,30.6,30.0,378.4,263.4,337.4,237.2,0.8,0.533,1.0,23.0,23.5,383.5,266.67,340.5,218.83,1.33,0.522,0.0
644,24.67,21.67,368.5,240.67,321.0,212.67,1.17,0.375,0.0,21.8,22.0,374.4,207.2,339.0,219.8,2.0,0.667,1.0
645,21.8,22.0,374.4,207.2,339.0,219.8,2.0,0.667,1.0,24.67,21.67,368.5,240.67,321.0,212.67,1.17,0.375,0.0
646,26.0,28.0,369.17,277.0,387.5,256.17,1.5,0.6,0.0,12.5,30.83,276.67,171.33,378.83,253.33,1.0,0.567,1.0
647,12.5,30.83,276.67,171.33,378.83,253.33,1.0,0.567,1.0,26.0,28.0,369.17,277.0,387.5,256.17,1.5,0.6,0.0
648,31.2,18.800001,358.0,221.2,285.2,219.0,0.8,0.33,0.0,32.8,25.199999,422.0,264.2,409.8,272.8,0.6,0.313,1.0
649,32.8,25.199999,422.0,264.2,409.8,272.8,0.6,0.313,1.0,31.2,18.800001,358.0,221.2,285.2,219.0,0.8,0.33,0.0
650,29.5,20.33,358.17,249.0,282.0,217.67,1.17,0.556,0.0,30.2,30.400002,399.4,278.4,393.6,266.8,1.4,0.6,1.0
651,30.2,30.400002,399.4,278.4,393.6,266.8,1.4,0.6,1.0,29.5,20.33,358.17,249.0,282.0,217.67,1.17,0.556,0.0
652,20.83,30.16,351.17,245.17,414.5,270.67,1.5,0.497,0.0,22.0,25.0,390.2,307.8,380.6,273.0,1.4,0.57,1.0
653,22.0,25.0,390.2,307.8,380.6,273.0,1.4,0.57,1.0,20.83,30.16,351.17,245.17,414.5,270.67,1.5,0.497,0.0
654,28.83,36.33,464.0,359.0,410.0,236.67,2.5,0.556,0.0,18.0,27.0,275.33,193.17,337.0,207.0,1.67,0.542,1.0
655,18.0,27.0,275.33,193.17,337.0,207.0,1.67,0.542,1.0,28.83,36.33,464.0,359.0,410.0,236.67,2.5,0.556,0.0
656,21.33,19.33,312.83,222.83,337.17,224.17,1.17,0.428,0.0,25.33,19.0,388.17,253.0,318.5,209.5,1.17,0.347,1.0
657,25.33,19.0,388.17,253.0,318.5,209.5,1.17,0.347,1.0,21.33,19.33,312.83,222.83,337.17,224.17,1.17,0.428,0.0
